author_id,title,category,genre,step1,step2,step3,final_content,prompt_id,custom_prompt,is_public,created_at
3,감정노동자 보호법 실효성 논란,F,essay,"감정노동자 보호법 실효성 논란에 대한 문제의식은 점점 더 커지고 있다. 많은 이들이 이 문제를 단순히 개인의 문제로 치부하지만, 이는 사회 구조적 원인을 내포하고 있다.","이 사안은 다양한 배경을 갖고 있다. 전문가들은 구조적 원인을 지적하며, 실질적인 대안을 모색할 필요가 있다고 말한다. 예를 들어 정책적 지원과 제도 개선이 병행되어야 한다.","따라서 이 문제는 더 이상 미룰 수 없는 사회적 과제다. 모두가 관심을 가지고 참여할 때, 비로소 실질적인 변화가 가능할 것이다.","감정노동자 보호법 실효성 논란에 대한 문제의식은 점점 더 커지고 있다. 많은 이들이 이 문제를 단순히 개인의 문제로 치부하지만, 이는 사회 구조적 원인을 내포하고 있다.

이 사안은 다양한 배경을 갖고 있다. 전문가들은 구조적 원인을 지적하며, 실질적인 대안을 모색할 필요가 있다고 말한다. 예를 들어 정책적 지원과 제도 개선이 병행되어야 한다.

따라서 이 문제는 더 이상 미룰 수 없는 사회적 과제다. 모두가 관심을 가지고 참여할 때, 비로소 실질적인 변화가 가능할 것이다.",,,True,2025-06-03 17:59:07
3,"기후 위기, 우리는 얼마나 준비되어 있는가?",F,essay,"기후 위기, 우리는 얼마나 준비되어 있는가?에 대한 문제의식은 점점 더 커지고 있다. 많은 이들이 이 문제를 단순히 개인의 문제로 치부하지만, 이는 사회 구조적 원인을 내포하고 있다.","이 사안은 다양한 배경을 갖고 있다. 전문가들은 구조적 원인을 지적하며, 실질적인 대안을 모색할 필요가 있다고 말한다. 예를 들어 정책적 지원과 제도 개선이 병행되어야 한다.","따라서 이 문제는 더 이상 미룰 수 없는 사회적 과제다. 모두가 관심을 가지고 참여할 때, 비로소 실질적인 변화가 가능할 것이다.","기후 위기, 우리는 얼마나 준비되어 있는가?에 대한 문제의식은 점점 더 커지고 있다. 많은 이들이 이 문제를 단순히 개인의 문제로 치부하지만, 이는 사회 구조적 원인을 내포하고 있다.

이 사안은 다양한 배경을 갖고 있다. 전문가들은 구조적 원인을 지적하며, 실질적인 대안을 모색할 필요가 있다고 말한다. 예를 들어 정책적 지원과 제도 개선이 병행되어야 한다.

따라서 이 문제는 더 이상 미룰 수 없는 사회적 과제다. 모두가 관심을 가지고 참여할 때, 비로소 실질적인 변화가 가능할 것이다.",,,False,2025-02-23 06:54:54
2,"콘텐츠 산업, K-컬처의 미래는?",T,poem,"콘텐츠 산업, K-컬처의 미래는?에 대한 문제의식은 점점 더 커지고 있다. 많은 이들이 이 문제를 단순히 개인의 문제로 치부하지만, 이는 사회 구조적 원인을 내포하고 있다.","이 사안은 다양한 배경을 갖고 있다. 전문가들은 구조적 원인을 지적하며, 실질적인 대안을 모색할 필요가 있다고 말한다. 예를 들어 정책적 지원과 제도 개선이 병행되어야 한다.","따라서 이 문제는 더 이상 미룰 수 없는 사회적 과제다. 모두가 관심을 가지고 참여할 때, 비로소 실질적인 변화가 가능할 것이다.","콘텐츠 산업, K-컬처의 미래는?에 대한 문제의식은 점점 더 커지고 있다. 많은 이들이 이 문제를 단순히 개인의 문제로 치부하지만, 이는 사회 구조적 원인을 내포하고 있다.

이 사안은 다양한 배경을 갖고 있다. 전문가들은 구조적 원인을 지적하며, 실질적인 대안을 모색할 필요가 있다고 말한다. 예를 들어 정책적 지원과 제도 개선이 병행되어야 한다.

따라서 이 문제는 더 이상 미룰 수 없는 사회적 과제다. 모두가 관심을 가지고 참여할 때, 비로소 실질적인 변화가 가능할 것이다.",,,True,2025-05-03 09:36:01
1,"젠더 갈등, 해소를 위한 첫걸음은?",F,essay,"젠더 갈등, 해소를 위한 첫걸음은?에 대한 문제의식은 점점 더 커지고 있다. 많은 이들이 이 문제를 단순히 개인의 문제로 치부하지만, 이는 사회 구조적 원인을 내포하고 있다.","이 사안은 다양한 배경을 갖고 있다. 전문가들은 구조적 원인을 지적하며, 실질적인 대안을 모색할 필요가 있다고 말한다. 예를 들어 정책적 지원과 제도 개선이 병행되어야 한다.","따라서 이 문제는 더 이상 미룰 수 없는 사회적 과제다. 모두가 관심을 가지고 참여할 때, 비로소 실질적인 변화가 가능할 것이다.","젠더 갈등, 해소를 위한 첫걸음은?에 대한 문제의식은 점점 더 커지고 있다. 많은 이들이 이 문제를 단순히 개인의 문제로 치부하지만, 이는 사회 구조적 원인을 내포하고 있다.

이 사안은 다양한 배경을 갖고 있다. 전문가들은 구조적 원인을 지적하며, 실질적인 대안을 모색할 필요가 있다고 말한다. 예를 들어 정책적 지원과 제도 개선이 병행되어야 한다.

따라서 이 문제는 더 이상 미룰 수 없는 사회적 과제다. 모두가 관심을 가지고 참여할 때, 비로소 실질적인 변화가 가능할 것이다.",,,False,2025-03-29 19:52:00
2,"2030의 정치 참여, 변화의 바람인가?",F,column,"2030의 정치 참여, 변화의 바람인가?에 대한 문제의식은 점점 더 커지고 있다. 많은 이들이 이 문제를 단순히 개인의 문제로 치부하지만, 이는 사회 구조적 원인을 내포하고 있다.","이 사안은 다양한 배경을 갖고 있다. 전문가들은 구조적 원인을 지적하며, 실질적인 대안을 모색할 필요가 있다고 말한다. 예를 들어 정책적 지원과 제도 개선이 병행되어야 한다.","따라서 이 문제는 더 이상 미룰 수 없는 사회적 과제다. 모두가 관심을 가지고 참여할 때, 비로소 실질적인 변화가 가능할 것이다.","2030의 정치 참여, 변화의 바람인가?에 대한 문제의식은 점점 더 커지고 있다. 많은 이들이 이 문제를 단순히 개인의 문제로 치부하지만, 이는 사회 구조적 원인을 내포하고 있다.

이 사안은 다양한 배경을 갖고 있다. 전문가들은 구조적 원인을 지적하며, 실질적인 대안을 모색할 필요가 있다고 말한다. 예를 들어 정책적 지원과 제도 개선이 병행되어야 한다.

따라서 이 문제는 더 이상 미룰 수 없는 사회적 과제다. 모두가 관심을 가지고 참여할 때, 비로소 실질적인 변화가 가능할 것이다.",,,True,2025-02-18 02:45:23
3,"청년 세대의 주거난, 해법은 있는가?",F,essay,"청년 세대의 주거난, 해법은 있는가?에 대한 문제의식은 점점 더 커지고 있다. 많은 이들이 이 문제를 단순히 개인의 문제로 치부하지만, 이는 사회 구조적 원인을 내포하고 있다.","이 사안은 다양한 배경을 갖고 있다. 전문가들은 구조적 원인을 지적하며, 실질적인 대안을 모색할 필요가 있다고 말한다. 예를 들어 정책적 지원과 제도 개선이 병행되어야 한다.","따라서 이 문제는 더 이상 미룰 수 없는 사회적 과제다. 모두가 관심을 가지고 참여할 때, 비로소 실질적인 변화가 가능할 것이다.","청년 세대의 주거난, 해법은 있는가?에 대한 문제의식은 점점 더 커지고 있다. 많은 이들이 이 문제를 단순히 개인의 문제로 치부하지만, 이는 사회 구조적 원인을 내포하고 있다.

이 사안은 다양한 배경을 갖고 있다. 전문가들은 구조적 원인을 지적하며, 실질적인 대안을 모색할 필요가 있다고 말한다. 예를 들어 정책적 지원과 제도 개선이 병행되어야 한다.

따라서 이 문제는 더 이상 미룰 수 없는 사회적 과제다. 모두가 관심을 가지고 참여할 때, 비로소 실질적인 변화가 가능할 것이다.",,,False,2025-02-18 23:08:46
3,"기후 위기, 우리는 얼마나 준비되어 있는가?",F,analysis,"기후 위기, 우리는 얼마나 준비되어 있는가?에 대한 문제의식은 점점 더 커지고 있다. 많은 이들이 이 문제를 단순히 개인의 문제로 치부하지만, 이는 사회 구조적 원인을 내포하고 있다.","이 사안은 다양한 배경을 갖고 있다. 전문가들은 구조적 원인을 지적하며, 실질적인 대안을 모색할 필요가 있다고 말한다. 예를 들어 정책적 지원과 제도 개선이 병행되어야 한다.","따라서 이 문제는 더 이상 미룰 수 없는 사회적 과제다. 모두가 관심을 가지고 참여할 때, 비로소 실질적인 변화가 가능할 것이다.","기후 위기, 우리는 얼마나 준비되어 있는가?에 대한 문제의식은 점점 더 커지고 있다. 많은 이들이 이 문제를 단순히 개인의 문제로 치부하지만, 이는 사회 구조적 원인을 내포하고 있다.

이 사안은 다양한 배경을 갖고 있다. 전문가들은 구조적 원인을 지적하며, 실질적인 대안을 모색할 필요가 있다고 말한다. 예를 들어 정책적 지원과 제도 개선이 병행되어야 한다.

따라서 이 문제는 더 이상 미룰 수 없는 사회적 과제다. 모두가 관심을 가지고 참여할 때, 비로소 실질적인 변화가 가능할 것이다.",,,True,2025-03-25 09:23:48
1,"1인 가구 증가, 사회의 변화는?",F,poem,"1인 가구 증가, 사회의 변화는?에 대한 문제의식은 점점 더 커지고 있다. 많은 이들이 이 문제를 단순히 개인의 문제로 치부하지만, 이는 사회 구조적 원인을 내포하고 있다.","이 사안은 다양한 배경을 갖고 있다. 전문가들은 구조적 원인을 지적하며, 실질적인 대안을 모색할 필요가 있다고 말한다. 예를 들어 정책적 지원과 제도 개선이 병행되어야 한다.","따라서 이 문제는 더 이상 미룰 수 없는 사회적 과제다. 모두가 관심을 가지고 참여할 때, 비로소 실질적인 변화가 가능할 것이다.","1인 가구 증가, 사회의 변화는?에 대한 문제의식은 점점 더 커지고 있다. 많은 이들이 이 문제를 단순히 개인의 문제로 치부하지만, 이는 사회 구조적 원인을 내포하고 있다.

이 사안은 다양한 배경을 갖고 있다. 전문가들은 구조적 원인을 지적하며, 실질적인 대안을 모색할 필요가 있다고 말한다. 예를 들어 정책적 지원과 제도 개선이 병행되어야 한다.

따라서 이 문제는 더 이상 미룰 수 없는 사회적 과제다. 모두가 관심을 가지고 참여할 때, 비로소 실질적인 변화가 가능할 것이다.",,,True,2025-06-02 04:56:23
2,"젠더 갈등, 해소를 위한 첫걸음은?",T,analysis,"젠더 갈등, 해소를 위한 첫걸음은?에 대한 문제의식은 점점 더 커지고 있다. 많은 이들이 이 문제를 단순히 개인의 문제로 치부하지만, 이는 사회 구조적 원인을 내포하고 있다.","이 사안은 다양한 배경을 갖고 있다. 전문가들은 구조적 원인을 지적하며, 실질적인 대안을 모색할 필요가 있다고 말한다. 예를 들어 정책적 지원과 제도 개선이 병행되어야 한다.","따라서 이 문제는 더 이상 미룰 수 없는 사회적 과제다. 모두가 관심을 가지고 참여할 때, 비로소 실질적인 변화가 가능할 것이다.","젠더 갈등, 해소를 위한 첫걸음은?에 대한 문제의식은 점점 더 커지고 있다. 많은 이들이 이 문제를 단순히 개인의 문제로 치부하지만, 이는 사회 구조적 원인을 내포하고 있다.

이 사안은 다양한 배경을 갖고 있다. 전문가들은 구조적 원인을 지적하며, 실질적인 대안을 모색할 필요가 있다고 말한다. 예를 들어 정책적 지원과 제도 개선이 병행되어야 한다.

따라서 이 문제는 더 이상 미룰 수 없는 사회적 과제다. 모두가 관심을 가지고 참여할 때, 비로소 실질적인 변화가 가능할 것이다.",,,True,2025-04-05 00:40:31
1,플랫폼 노동의 그림자,T,poem,"플랫폼 노동의 그림자에 대한 문제의식은 점점 더 커지고 있다. 많은 이들이 이 문제를 단순히 개인의 문제로 치부하지만, 이는 사회 구조적 원인을 내포하고 있다.","이 사안은 다양한 배경을 갖고 있다. 전문가들은 구조적 원인을 지적하며, 실질적인 대안을 모색할 필요가 있다고 말한다. 예를 들어 정책적 지원과 제도 개선이 병행되어야 한다.","따라서 이 문제는 더 이상 미룰 수 없는 사회적 과제다. 모두가 관심을 가지고 참여할 때, 비로소 실질적인 변화가 가능할 것이다.","플랫폼 노동의 그림자에 대한 문제의식은 점점 더 커지고 있다. 많은 이들이 이 문제를 단순히 개인의 문제로 치부하지만, 이는 사회 구조적 원인을 내포하고 있다.

이 사안은 다양한 배경을 갖고 있다. 전문가들은 구조적 원인을 지적하며, 실질적인 대안을 모색할 필요가 있다고 말한다. 예를 들어 정책적 지원과 제도 개선이 병행되어야 한다.

따라서 이 문제는 더 이상 미룰 수 없는 사회적 과제다. 모두가 관심을 가지고 참여할 때, 비로소 실질적인 변화가 가능할 것이다.",,,True,2025-02-03 03:57:10
2,"젠더 갈등, 해소를 위한 첫걸음은?",T,column,"젠더 갈등, 해소를 위한 첫걸음은?에 대한 문제의식은 점점 더 커지고 있다. 많은 이들이 이 문제를 단순히 개인의 문제로 치부하지만, 이는 사회 구조적 원인을 내포하고 있다.","이 사안은 다양한 배경을 갖고 있다. 전문가들은 구조적 원인을 지적하며, 실질적인 대안을 모색할 필요가 있다고 말한다. 예를 들어 정책적 지원과 제도 개선이 병행되어야 한다.","따라서 이 문제는 더 이상 미룰 수 없는 사회적 과제다. 모두가 관심을 가지고 참여할 때, 비로소 실질적인 변화가 가능할 것이다.","젠더 갈등, 해소를 위한 첫걸음은?에 대한 문제의식은 점점 더 커지고 있다. 많은 이들이 이 문제를 단순히 개인의 문제로 치부하지만, 이는 사회 구조적 원인을 내포하고 있다.

이 사안은 다양한 배경을 갖고 있다. 전문가들은 구조적 원인을 지적하며, 실질적인 대안을 모색할 필요가 있다고 말한다. 예를 들어 정책적 지원과 제도 개선이 병행되어야 한다.

따라서 이 문제는 더 이상 미룰 수 없는 사회적 과제다. 모두가 관심을 가지고 참여할 때, 비로소 실질적인 변화가 가능할 것이다.",,,False,2025-02-06 21:20:27
2,"2030의 정치 참여, 변화의 바람인가?",F,essay,"2030의 정치 참여, 변화의 바람인가?에 대한 문제의식은 점점 더 커지고 있다. 많은 이들이 이 문제를 단순히 개인의 문제로 치부하지만, 이는 사회 구조적 원인을 내포하고 있다.","이 사안은 다양한 배경을 갖고 있다. 전문가들은 구조적 원인을 지적하며, 실질적인 대안을 모색할 필요가 있다고 말한다. 예를 들어 정책적 지원과 제도 개선이 병행되어야 한다.","따라서 이 문제는 더 이상 미룰 수 없는 사회적 과제다. 모두가 관심을 가지고 참여할 때, 비로소 실질적인 변화가 가능할 것이다.","2030의 정치 참여, 변화의 바람인가?에 대한 문제의식은 점점 더 커지고 있다. 많은 이들이 이 문제를 단순히 개인의 문제로 치부하지만, 이는 사회 구조적 원인을 내포하고 있다.

이 사안은 다양한 배경을 갖고 있다. 전문가들은 구조적 원인을 지적하며, 실질적인 대안을 모색할 필요가 있다고 말한다. 예를 들어 정책적 지원과 제도 개선이 병행되어야 한다.

따라서 이 문제는 더 이상 미룰 수 없는 사회적 과제다. 모두가 관심을 가지고 참여할 때, 비로소 실질적인 변화가 가능할 것이다.",,,False,2025-05-05 05:23:03
2,"1인 가구 증가, 사회의 변화는?",T,poem,"1인 가구 증가, 사회의 변화는?에 대한 문제의식은 점점 더 커지고 있다. 많은 이들이 이 문제를 단순히 개인의 문제로 치부하지만, 이는 사회 구조적 원인을 내포하고 있다.","이 사안은 다양한 배경을 갖고 있다. 전문가들은 구조적 원인을 지적하며, 실질적인 대안을 모색할 필요가 있다고 말한다. 예를 들어 정책적 지원과 제도 개선이 병행되어야 한다.","따라서 이 문제는 더 이상 미룰 수 없는 사회적 과제다. 모두가 관심을 가지고 참여할 때, 비로소 실질적인 변화가 가능할 것이다.","1인 가구 증가, 사회의 변화는?에 대한 문제의식은 점점 더 커지고 있다. 많은 이들이 이 문제를 단순히 개인의 문제로 치부하지만, 이는 사회 구조적 원인을 내포하고 있다.

이 사안은 다양한 배경을 갖고 있다. 전문가들은 구조적 원인을 지적하며, 실질적인 대안을 모색할 필요가 있다고 말한다. 예를 들어 정책적 지원과 제도 개선이 병행되어야 한다.

따라서 이 문제는 더 이상 미룰 수 없는 사회적 과제다. 모두가 관심을 가지고 참여할 때, 비로소 실질적인 변화가 가능할 것이다.",,,True,2025-02-14 08:27:27
2,"콘텐츠 산업, K-컬처의 미래는?",T,analysis,"콘텐츠 산업, K-컬처의 미래는?에 대한 문제의식은 점점 더 커지고 있다. 많은 이들이 이 문제를 단순히 개인의 문제로 치부하지만, 이는 사회 구조적 원인을 내포하고 있다.","이 사안은 다양한 배경을 갖고 있다. 전문가들은 구조적 원인을 지적하며, 실질적인 대안을 모색할 필요가 있다고 말한다. 예를 들어 정책적 지원과 제도 개선이 병행되어야 한다.","따라서 이 문제는 더 이상 미룰 수 없는 사회적 과제다. 모두가 관심을 가지고 참여할 때, 비로소 실질적인 변화가 가능할 것이다.","콘텐츠 산업, K-컬처의 미래는?에 대한 문제의식은 점점 더 커지고 있다. 많은 이들이 이 문제를 단순히 개인의 문제로 치부하지만, 이는 사회 구조적 원인을 내포하고 있다.

이 사안은 다양한 배경을 갖고 있다. 전문가들은 구조적 원인을 지적하며, 실질적인 대안을 모색할 필요가 있다고 말한다. 예를 들어 정책적 지원과 제도 개선이 병행되어야 한다.

따라서 이 문제는 더 이상 미룰 수 없는 사회적 과제다. 모두가 관심을 가지고 참여할 때, 비로소 실질적인 변화가 가능할 것이다.",,,False,2025-05-17 01:57:45
2,"1인 가구 증가, 사회의 변화는?",T,essay,"1인 가구 증가, 사회의 변화는?에 대한 문제의식은 점점 더 커지고 있다. 많은 이들이 이 문제를 단순히 개인의 문제로 치부하지만, 이는 사회 구조적 원인을 내포하고 있다.","이 사안은 다양한 배경을 갖고 있다. 전문가들은 구조적 원인을 지적하며, 실질적인 대안을 모색할 필요가 있다고 말한다. 예를 들어 정책적 지원과 제도 개선이 병행되어야 한다.","따라서 이 문제는 더 이상 미룰 수 없는 사회적 과제다. 모두가 관심을 가지고 참여할 때, 비로소 실질적인 변화가 가능할 것이다.","1인 가구 증가, 사회의 변화는?에 대한 문제의식은 점점 더 커지고 있다. 많은 이들이 이 문제를 단순히 개인의 문제로 치부하지만, 이는 사회 구조적 원인을 내포하고 있다.

이 사안은 다양한 배경을 갖고 있다. 전문가들은 구조적 원인을 지적하며, 실질적인 대안을 모색할 필요가 있다고 말한다. 예를 들어 정책적 지원과 제도 개선이 병행되어야 한다.

따라서 이 문제는 더 이상 미룰 수 없는 사회적 과제다. 모두가 관심을 가지고 참여할 때, 비로소 실질적인 변화가 가능할 것이다.",,,False,2025-03-22 06:06:23
2,"콘텐츠 산업, K-컬처의 미래는?",T,poem,"콘텐츠 산업, K-컬처의 미래는?에 대한 문제의식은 점점 더 커지고 있다. 많은 이들이 이 문제를 단순히 개인의 문제로 치부하지만, 이는 사회 구조적 원인을 내포하고 있다.","이 사안은 다양한 배경을 갖고 있다. 전문가들은 구조적 원인을 지적하며, 실질적인 대안을 모색할 필요가 있다고 말한다. 예를 들어 정책적 지원과 제도 개선이 병행되어야 한다.","따라서 이 문제는 더 이상 미룰 수 없는 사회적 과제다. 모두가 관심을 가지고 참여할 때, 비로소 실질적인 변화가 가능할 것이다.","콘텐츠 산업, K-컬처의 미래는?에 대한 문제의식은 점점 더 커지고 있다. 많은 이들이 이 문제를 단순히 개인의 문제로 치부하지만, 이는 사회 구조적 원인을 내포하고 있다.

이 사안은 다양한 배경을 갖고 있다. 전문가들은 구조적 원인을 지적하며, 실질적인 대안을 모색할 필요가 있다고 말한다. 예를 들어 정책적 지원과 제도 개선이 병행되어야 한다.

따라서 이 문제는 더 이상 미룰 수 없는 사회적 과제다. 모두가 관심을 가지고 참여할 때, 비로소 실질적인 변화가 가능할 것이다.",,,False,2025-01-26 01:20:49
2,"2030의 정치 참여, 변화의 바람인가?",F,essay,"2030의 정치 참여, 변화의 바람인가?에 대한 문제의식은 점점 더 커지고 있다. 많은 이들이 이 문제를 단순히 개인의 문제로 치부하지만, 이는 사회 구조적 원인을 내포하고 있다.","이 사안은 다양한 배경을 갖고 있다. 전문가들은 구조적 원인을 지적하며, 실질적인 대안을 모색할 필요가 있다고 말한다. 예를 들어 정책적 지원과 제도 개선이 병행되어야 한다.","따라서 이 문제는 더 이상 미룰 수 없는 사회적 과제다. 모두가 관심을 가지고 참여할 때, 비로소 실질적인 변화가 가능할 것이다.","2030의 정치 참여, 변화의 바람인가?에 대한 문제의식은 점점 더 커지고 있다. 많은 이들이 이 문제를 단순히 개인의 문제로 치부하지만, 이는 사회 구조적 원인을 내포하고 있다.

이 사안은 다양한 배경을 갖고 있다. 전문가들은 구조적 원인을 지적하며, 실질적인 대안을 모색할 필요가 있다고 말한다. 예를 들어 정책적 지원과 제도 개선이 병행되어야 한다.

따라서 이 문제는 더 이상 미룰 수 없는 사회적 과제다. 모두가 관심을 가지고 참여할 때, 비로소 실질적인 변화가 가능할 것이다.",,,False,2025-03-23 13:36:23
1,"청년 세대의 주거난, 해법은 있는가?",F,analysis,"청년 세대의 주거난, 해법은 있는가?에 대한 문제의식은 점점 더 커지고 있다. 많은 이들이 이 문제를 단순히 개인의 문제로 치부하지만, 이는 사회 구조적 원인을 내포하고 있다.","이 사안은 다양한 배경을 갖고 있다. 전문가들은 구조적 원인을 지적하며, 실질적인 대안을 모색할 필요가 있다고 말한다. 예를 들어 정책적 지원과 제도 개선이 병행되어야 한다.","따라서 이 문제는 더 이상 미룰 수 없는 사회적 과제다. 모두가 관심을 가지고 참여할 때, 비로소 실질적인 변화가 가능할 것이다.","청년 세대의 주거난, 해법은 있는가?에 대한 문제의식은 점점 더 커지고 있다. 많은 이들이 이 문제를 단순히 개인의 문제로 치부하지만, 이는 사회 구조적 원인을 내포하고 있다.

이 사안은 다양한 배경을 갖고 있다. 전문가들은 구조적 원인을 지적하며, 실질적인 대안을 모색할 필요가 있다고 말한다. 예를 들어 정책적 지원과 제도 개선이 병행되어야 한다.

따라서 이 문제는 더 이상 미룰 수 없는 사회적 과제다. 모두가 관심을 가지고 참여할 때, 비로소 실질적인 변화가 가능할 것이다.",,,False,2025-05-16 12:43:00
3,자율주행차의 윤리 딜레마,F,essay,"자율주행차의 윤리 딜레마에 대한 문제의식은 점점 더 커지고 있다. 많은 이들이 이 문제를 단순히 개인의 문제로 치부하지만, 이는 사회 구조적 원인을 내포하고 있다.","이 사안은 다양한 배경을 갖고 있다. 전문가들은 구조적 원인을 지적하며, 실질적인 대안을 모색할 필요가 있다고 말한다. 예를 들어 정책적 지원과 제도 개선이 병행되어야 한다.","따라서 이 문제는 더 이상 미룰 수 없는 사회적 과제다. 모두가 관심을 가지고 참여할 때, 비로소 실질적인 변화가 가능할 것이다.","자율주행차의 윤리 딜레마에 대한 문제의식은 점점 더 커지고 있다. 많은 이들이 이 문제를 단순히 개인의 문제로 치부하지만, 이는 사회 구조적 원인을 내포하고 있다.

이 사안은 다양한 배경을 갖고 있다. 전문가들은 구조적 원인을 지적하며, 실질적인 대안을 모색할 필요가 있다고 말한다. 예를 들어 정책적 지원과 제도 개선이 병행되어야 한다.

따라서 이 문제는 더 이상 미룰 수 없는 사회적 과제다. 모두가 관심을 가지고 참여할 때, 비로소 실질적인 변화가 가능할 것이다.",,,False,2025-06-03 12:13:31
1,"젠더 갈등, 해소를 위한 첫걸음은?",F,analysis,"젠더 갈등, 해소를 위한 첫걸음은?에 대한 문제의식은 점점 더 커지고 있다. 많은 이들이 이 문제를 단순히 개인의 문제로 치부하지만, 이는 사회 구조적 원인을 내포하고 있다.","이 사안은 다양한 배경을 갖고 있다. 전문가들은 구조적 원인을 지적하며, 실질적인 대안을 모색할 필요가 있다고 말한다. 예를 들어 정책적 지원과 제도 개선이 병행되어야 한다.","따라서 이 문제는 더 이상 미룰 수 없는 사회적 과제다. 모두가 관심을 가지고 참여할 때, 비로소 실질적인 변화가 가능할 것이다.","젠더 갈등, 해소를 위한 첫걸음은?에 대한 문제의식은 점점 더 커지고 있다. 많은 이들이 이 문제를 단순히 개인의 문제로 치부하지만, 이는 사회 구조적 원인을 내포하고 있다.

이 사안은 다양한 배경을 갖고 있다. 전문가들은 구조적 원인을 지적하며, 실질적인 대안을 모색할 필요가 있다고 말한다. 예를 들어 정책적 지원과 제도 개선이 병행되어야 한다.

따라서 이 문제는 더 이상 미룰 수 없는 사회적 과제다. 모두가 관심을 가지고 참여할 때, 비로소 실질적인 변화가 가능할 것이다.",,,True,2025-03-26 11:16:04
2,"젠더 갈등, 해소를 위한 첫걸음은?",T,essay,"젠더 갈등, 해소를 위한 첫걸음은?에 대한 문제의식은 점점 더 커지고 있다. 많은 이들이 이 문제를 단순히 개인의 문제로 치부하지만, 이는 사회 구조적 원인을 내포하고 있다.","이 사안은 다양한 배경을 갖고 있다. 전문가들은 구조적 원인을 지적하며, 실질적인 대안을 모색할 필요가 있다고 말한다. 예를 들어 정책적 지원과 제도 개선이 병행되어야 한다.","따라서 이 문제는 더 이상 미룰 수 없는 사회적 과제다. 모두가 관심을 가지고 참여할 때, 비로소 실질적인 변화가 가능할 것이다.","젠더 갈등, 해소를 위한 첫걸음은?에 대한 문제의식은 점점 더 커지고 있다. 많은 이들이 이 문제를 단순히 개인의 문제로 치부하지만, 이는 사회 구조적 원인을 내포하고 있다.

이 사안은 다양한 배경을 갖고 있다. 전문가들은 구조적 원인을 지적하며, 실질적인 대안을 모색할 필요가 있다고 말한다. 예를 들어 정책적 지원과 제도 개선이 병행되어야 한다.

따라서 이 문제는 더 이상 미룰 수 없는 사회적 과제다. 모두가 관심을 가지고 참여할 때, 비로소 실질적인 변화가 가능할 것이다.",,,True,2025-05-02 09:08:14
3,자율주행차의 윤리 딜레마,T,poem,"자율주행차의 윤리 딜레마에 대한 문제의식은 점점 더 커지고 있다. 많은 이들이 이 문제를 단순히 개인의 문제로 치부하지만, 이는 사회 구조적 원인을 내포하고 있다.","이 사안은 다양한 배경을 갖고 있다. 전문가들은 구조적 원인을 지적하며, 실질적인 대안을 모색할 필요가 있다고 말한다. 예를 들어 정책적 지원과 제도 개선이 병행되어야 한다.","따라서 이 문제는 더 이상 미룰 수 없는 사회적 과제다. 모두가 관심을 가지고 참여할 때, 비로소 실질적인 변화가 가능할 것이다.","자율주행차의 윤리 딜레마에 대한 문제의식은 점점 더 커지고 있다. 많은 이들이 이 문제를 단순히 개인의 문제로 치부하지만, 이는 사회 구조적 원인을 내포하고 있다.

이 사안은 다양한 배경을 갖고 있다. 전문가들은 구조적 원인을 지적하며, 실질적인 대안을 모색할 필요가 있다고 말한다. 예를 들어 정책적 지원과 제도 개선이 병행되어야 한다.

따라서 이 문제는 더 이상 미룰 수 없는 사회적 과제다. 모두가 관심을 가지고 참여할 때, 비로소 실질적인 변화가 가능할 것이다.",,,True,2025-04-10 09:16:53
2,"콘텐츠 산업, K-컬처의 미래는?",T,analysis,"콘텐츠 산업, K-컬처의 미래는?에 대한 문제의식은 점점 더 커지고 있다. 많은 이들이 이 문제를 단순히 개인의 문제로 치부하지만, 이는 사회 구조적 원인을 내포하고 있다.","이 사안은 다양한 배경을 갖고 있다. 전문가들은 구조적 원인을 지적하며, 실질적인 대안을 모색할 필요가 있다고 말한다. 예를 들어 정책적 지원과 제도 개선이 병행되어야 한다.","따라서 이 문제는 더 이상 미룰 수 없는 사회적 과제다. 모두가 관심을 가지고 참여할 때, 비로소 실질적인 변화가 가능할 것이다.","콘텐츠 산업, K-컬처의 미래는?에 대한 문제의식은 점점 더 커지고 있다. 많은 이들이 이 문제를 단순히 개인의 문제로 치부하지만, 이는 사회 구조적 원인을 내포하고 있다.

이 사안은 다양한 배경을 갖고 있다. 전문가들은 구조적 원인을 지적하며, 실질적인 대안을 모색할 필요가 있다고 말한다. 예를 들어 정책적 지원과 제도 개선이 병행되어야 한다.

따라서 이 문제는 더 이상 미룰 수 없는 사회적 과제다. 모두가 관심을 가지고 참여할 때, 비로소 실질적인 변화가 가능할 것이다.",,,False,2025-05-10 02:09:02
2,"콘텐츠 산업, K-컬처의 미래는?",T,poem,"콘텐츠 산업, K-컬처의 미래는?에 대한 문제의식은 점점 더 커지고 있다. 많은 이들이 이 문제를 단순히 개인의 문제로 치부하지만, 이는 사회 구조적 원인을 내포하고 있다.","이 사안은 다양한 배경을 갖고 있다. 전문가들은 구조적 원인을 지적하며, 실질적인 대안을 모색할 필요가 있다고 말한다. 예를 들어 정책적 지원과 제도 개선이 병행되어야 한다.","따라서 이 문제는 더 이상 미룰 수 없는 사회적 과제다. 모두가 관심을 가지고 참여할 때, 비로소 실질적인 변화가 가능할 것이다.","콘텐츠 산업, K-컬처의 미래는?에 대한 문제의식은 점점 더 커지고 있다. 많은 이들이 이 문제를 단순히 개인의 문제로 치부하지만, 이는 사회 구조적 원인을 내포하고 있다.

이 사안은 다양한 배경을 갖고 있다. 전문가들은 구조적 원인을 지적하며, 실질적인 대안을 모색할 필요가 있다고 말한다. 예를 들어 정책적 지원과 제도 개선이 병행되어야 한다.

따라서 이 문제는 더 이상 미룰 수 없는 사회적 과제다. 모두가 관심을 가지고 참여할 때, 비로소 실질적인 변화가 가능할 것이다.",,,False,2025-03-04 17:36:48
3,"2030의 정치 참여, 변화의 바람인가?",T,poem,"2030의 정치 참여, 변화의 바람인가?에 대한 문제의식은 점점 더 커지고 있다. 많은 이들이 이 문제를 단순히 개인의 문제로 치부하지만, 이는 사회 구조적 원인을 내포하고 있다.","이 사안은 다양한 배경을 갖고 있다. 전문가들은 구조적 원인을 지적하며, 실질적인 대안을 모색할 필요가 있다고 말한다. 예를 들어 정책적 지원과 제도 개선이 병행되어야 한다.","따라서 이 문제는 더 이상 미룰 수 없는 사회적 과제다. 모두가 관심을 가지고 참여할 때, 비로소 실질적인 변화가 가능할 것이다.","2030의 정치 참여, 변화의 바람인가?에 대한 문제의식은 점점 더 커지고 있다. 많은 이들이 이 문제를 단순히 개인의 문제로 치부하지만, 이는 사회 구조적 원인을 내포하고 있다.

이 사안은 다양한 배경을 갖고 있다. 전문가들은 구조적 원인을 지적하며, 실질적인 대안을 모색할 필요가 있다고 말한다. 예를 들어 정책적 지원과 제도 개선이 병행되어야 한다.

따라서 이 문제는 더 이상 미룰 수 없는 사회적 과제다. 모두가 관심을 가지고 참여할 때, 비로소 실질적인 변화가 가능할 것이다.",,,True,2025-03-07 20:06:31
3,자율주행차의 윤리 딜레마,T,essay,"자율주행차의 윤리 딜레마에 대한 문제의식은 점점 더 커지고 있다. 많은 이들이 이 문제를 단순히 개인의 문제로 치부하지만, 이는 사회 구조적 원인을 내포하고 있다.","이 사안은 다양한 배경을 갖고 있다. 전문가들은 구조적 원인을 지적하며, 실질적인 대안을 모색할 필요가 있다고 말한다. 예를 들어 정책적 지원과 제도 개선이 병행되어야 한다.","따라서 이 문제는 더 이상 미룰 수 없는 사회적 과제다. 모두가 관심을 가지고 참여할 때, 비로소 실질적인 변화가 가능할 것이다.","자율주행차의 윤리 딜레마에 대한 문제의식은 점점 더 커지고 있다. 많은 이들이 이 문제를 단순히 개인의 문제로 치부하지만, 이는 사회 구조적 원인을 내포하고 있다.

이 사안은 다양한 배경을 갖고 있다. 전문가들은 구조적 원인을 지적하며, 실질적인 대안을 모색할 필요가 있다고 말한다. 예를 들어 정책적 지원과 제도 개선이 병행되어야 한다.

따라서 이 문제는 더 이상 미룰 수 없는 사회적 과제다. 모두가 관심을 가지고 참여할 때, 비로소 실질적인 변화가 가능할 것이다.",,,True,2025-06-12 06:21:09
2,"기후 위기, 우리는 얼마나 준비되어 있는가?",T,column,"기후 위기, 우리는 얼마나 준비되어 있는가?에 대한 문제의식은 점점 더 커지고 있다. 많은 이들이 이 문제를 단순히 개인의 문제로 치부하지만, 이는 사회 구조적 원인을 내포하고 있다.","이 사안은 다양한 배경을 갖고 있다. 전문가들은 구조적 원인을 지적하며, 실질적인 대안을 모색할 필요가 있다고 말한다. 예를 들어 정책적 지원과 제도 개선이 병행되어야 한다.","따라서 이 문제는 더 이상 미룰 수 없는 사회적 과제다. 모두가 관심을 가지고 참여할 때, 비로소 실질적인 변화가 가능할 것이다.","기후 위기, 우리는 얼마나 준비되어 있는가?에 대한 문제의식은 점점 더 커지고 있다. 많은 이들이 이 문제를 단순히 개인의 문제로 치부하지만, 이는 사회 구조적 원인을 내포하고 있다.

이 사안은 다양한 배경을 갖고 있다. 전문가들은 구조적 원인을 지적하며, 실질적인 대안을 모색할 필요가 있다고 말한다. 예를 들어 정책적 지원과 제도 개선이 병행되어야 한다.

따라서 이 문제는 더 이상 미룰 수 없는 사회적 과제다. 모두가 관심을 가지고 참여할 때, 비로소 실질적인 변화가 가능할 것이다.",,,True,2025-04-13 02:48:19
2,"기후 위기, 우리는 얼마나 준비되어 있는가?",T,column,"기후 위기, 우리는 얼마나 준비되어 있는가?에 대한 문제의식은 점점 더 커지고 있다. 많은 이들이 이 문제를 단순히 개인의 문제로 치부하지만, 이는 사회 구조적 원인을 내포하고 있다.","이 사안은 다양한 배경을 갖고 있다. 전문가들은 구조적 원인을 지적하며, 실질적인 대안을 모색할 필요가 있다고 말한다. 예를 들어 정책적 지원과 제도 개선이 병행되어야 한다.","따라서 이 문제는 더 이상 미룰 수 없는 사회적 과제다. 모두가 관심을 가지고 참여할 때, 비로소 실질적인 변화가 가능할 것이다.","기후 위기, 우리는 얼마나 준비되어 있는가?에 대한 문제의식은 점점 더 커지고 있다. 많은 이들이 이 문제를 단순히 개인의 문제로 치부하지만, 이는 사회 구조적 원인을 내포하고 있다.

이 사안은 다양한 배경을 갖고 있다. 전문가들은 구조적 원인을 지적하며, 실질적인 대안을 모색할 필요가 있다고 말한다. 예를 들어 정책적 지원과 제도 개선이 병행되어야 한다.

따라서 이 문제는 더 이상 미룰 수 없는 사회적 과제다. 모두가 관심을 가지고 참여할 때, 비로소 실질적인 변화가 가능할 것이다.",,,True,2025-05-27 21:00:11
2,"2030의 정치 참여, 변화의 바람인가?",F,essay,"2030의 정치 참여, 변화의 바람인가?에 대한 문제의식은 점점 더 커지고 있다. 많은 이들이 이 문제를 단순히 개인의 문제로 치부하지만, 이는 사회 구조적 원인을 내포하고 있다.","이 사안은 다양한 배경을 갖고 있다. 전문가들은 구조적 원인을 지적하며, 실질적인 대안을 모색할 필요가 있다고 말한다. 예를 들어 정책적 지원과 제도 개선이 병행되어야 한다.","따라서 이 문제는 더 이상 미룰 수 없는 사회적 과제다. 모두가 관심을 가지고 참여할 때, 비로소 실질적인 변화가 가능할 것이다.","2030의 정치 참여, 변화의 바람인가?에 대한 문제의식은 점점 더 커지고 있다. 많은 이들이 이 문제를 단순히 개인의 문제로 치부하지만, 이는 사회 구조적 원인을 내포하고 있다.

이 사안은 다양한 배경을 갖고 있다. 전문가들은 구조적 원인을 지적하며, 실질적인 대안을 모색할 필요가 있다고 말한다. 예를 들어 정책적 지원과 제도 개선이 병행되어야 한다.

따라서 이 문제는 더 이상 미룰 수 없는 사회적 과제다. 모두가 관심을 가지고 참여할 때, 비로소 실질적인 변화가 가능할 것이다.",,,True,2025-04-12 00:14:28
1,"인공지능 시대, 인간의 역할은?",T,poem,"인공지능 시대, 인간의 역할은?에 대한 문제의식은 점점 더 커지고 있다. 많은 이들이 이 문제를 단순히 개인의 문제로 치부하지만, 이는 사회 구조적 원인을 내포하고 있다.","이 사안은 다양한 배경을 갖고 있다. 전문가들은 구조적 원인을 지적하며, 실질적인 대안을 모색할 필요가 있다고 말한다. 예를 들어 정책적 지원과 제도 개선이 병행되어야 한다.","따라서 이 문제는 더 이상 미룰 수 없는 사회적 과제다. 모두가 관심을 가지고 참여할 때, 비로소 실질적인 변화가 가능할 것이다.","인공지능 시대, 인간의 역할은?에 대한 문제의식은 점점 더 커지고 있다. 많은 이들이 이 문제를 단순히 개인의 문제로 치부하지만, 이는 사회 구조적 원인을 내포하고 있다.

이 사안은 다양한 배경을 갖고 있다. 전문가들은 구조적 원인을 지적하며, 실질적인 대안을 모색할 필요가 있다고 말한다. 예를 들어 정책적 지원과 제도 개선이 병행되어야 한다.

따라서 이 문제는 더 이상 미룰 수 없는 사회적 과제다. 모두가 관심을 가지고 참여할 때, 비로소 실질적인 변화가 가능할 것이다.",,,True,2025-03-17 20:49:34
2,"2030의 정치 참여, 변화의 바람인가?",T,poem,"2030의 정치 참여, 변화의 바람인가?에 대한 문제의식은 점점 더 커지고 있다. 많은 이들이 이 문제를 단순히 개인의 문제로 치부하지만, 이는 사회 구조적 원인을 내포하고 있다.","이 사안은 다양한 배경을 갖고 있다. 전문가들은 구조적 원인을 지적하며, 실질적인 대안을 모색할 필요가 있다고 말한다. 예를 들어 정책적 지원과 제도 개선이 병행되어야 한다.","따라서 이 문제는 더 이상 미룰 수 없는 사회적 과제다. 모두가 관심을 가지고 참여할 때, 비로소 실질적인 변화가 가능할 것이다.","2030의 정치 참여, 변화의 바람인가?에 대한 문제의식은 점점 더 커지고 있다. 많은 이들이 이 문제를 단순히 개인의 문제로 치부하지만, 이는 사회 구조적 원인을 내포하고 있다.

이 사안은 다양한 배경을 갖고 있다. 전문가들은 구조적 원인을 지적하며, 실질적인 대안을 모색할 필요가 있다고 말한다. 예를 들어 정책적 지원과 제도 개선이 병행되어야 한다.

따라서 이 문제는 더 이상 미룰 수 없는 사회적 과제다. 모두가 관심을 가지고 참여할 때, 비로소 실질적인 변화가 가능할 것이다.",,,True,2025-05-29 07:09:38
2,"청년 세대의 주거난, 해법은 있는가?",F,poem,"청년 세대의 주거난, 해법은 있는가?에 대한 문제의식은 점점 더 커지고 있다. 많은 이들이 이 문제를 단순히 개인의 문제로 치부하지만, 이는 사회 구조적 원인을 내포하고 있다.","이 사안은 다양한 배경을 갖고 있다. 전문가들은 구조적 원인을 지적하며, 실질적인 대안을 모색할 필요가 있다고 말한다. 예를 들어 정책적 지원과 제도 개선이 병행되어야 한다.","따라서 이 문제는 더 이상 미룰 수 없는 사회적 과제다. 모두가 관심을 가지고 참여할 때, 비로소 실질적인 변화가 가능할 것이다.","청년 세대의 주거난, 해법은 있는가?에 대한 문제의식은 점점 더 커지고 있다. 많은 이들이 이 문제를 단순히 개인의 문제로 치부하지만, 이는 사회 구조적 원인을 내포하고 있다.

이 사안은 다양한 배경을 갖고 있다. 전문가들은 구조적 원인을 지적하며, 실질적인 대안을 모색할 필요가 있다고 말한다. 예를 들어 정책적 지원과 제도 개선이 병행되어야 한다.

따라서 이 문제는 더 이상 미룰 수 없는 사회적 과제다. 모두가 관심을 가지고 참여할 때, 비로소 실질적인 변화가 가능할 것이다.",,,False,2025-02-24 16:18:04
3,"인공지능 시대, 인간의 역할은?",F,poem,"인공지능 시대, 인간의 역할은?에 대한 문제의식은 점점 더 커지고 있다. 많은 이들이 이 문제를 단순히 개인의 문제로 치부하지만, 이는 사회 구조적 원인을 내포하고 있다.","이 사안은 다양한 배경을 갖고 있다. 전문가들은 구조적 원인을 지적하며, 실질적인 대안을 모색할 필요가 있다고 말한다. 예를 들어 정책적 지원과 제도 개선이 병행되어야 한다.","따라서 이 문제는 더 이상 미룰 수 없는 사회적 과제다. 모두가 관심을 가지고 참여할 때, 비로소 실질적인 변화가 가능할 것이다.","인공지능 시대, 인간의 역할은?에 대한 문제의식은 점점 더 커지고 있다. 많은 이들이 이 문제를 단순히 개인의 문제로 치부하지만, 이는 사회 구조적 원인을 내포하고 있다.

이 사안은 다양한 배경을 갖고 있다. 전문가들은 구조적 원인을 지적하며, 실질적인 대안을 모색할 필요가 있다고 말한다. 예를 들어 정책적 지원과 제도 개선이 병행되어야 한다.

따라서 이 문제는 더 이상 미룰 수 없는 사회적 과제다. 모두가 관심을 가지고 참여할 때, 비로소 실질적인 변화가 가능할 것이다.",,,True,2025-06-03 17:02:25
3,자율주행차의 윤리 딜레마,F,poem,"자율주행차의 윤리 딜레마에 대한 문제의식은 점점 더 커지고 있다. 많은 이들이 이 문제를 단순히 개인의 문제로 치부하지만, 이는 사회 구조적 원인을 내포하고 있다.","이 사안은 다양한 배경을 갖고 있다. 전문가들은 구조적 원인을 지적하며, 실질적인 대안을 모색할 필요가 있다고 말한다. 예를 들어 정책적 지원과 제도 개선이 병행되어야 한다.","따라서 이 문제는 더 이상 미룰 수 없는 사회적 과제다. 모두가 관심을 가지고 참여할 때, 비로소 실질적인 변화가 가능할 것이다.","자율주행차의 윤리 딜레마에 대한 문제의식은 점점 더 커지고 있다. 많은 이들이 이 문제를 단순히 개인의 문제로 치부하지만, 이는 사회 구조적 원인을 내포하고 있다.

이 사안은 다양한 배경을 갖고 있다. 전문가들은 구조적 원인을 지적하며, 실질적인 대안을 모색할 필요가 있다고 말한다. 예를 들어 정책적 지원과 제도 개선이 병행되어야 한다.

따라서 이 문제는 더 이상 미룰 수 없는 사회적 과제다. 모두가 관심을 가지고 참여할 때, 비로소 실질적인 변화가 가능할 것이다.",,,False,2025-02-17 05:04:12
2,자율주행차의 윤리 딜레마,F,essay,"자율주행차의 윤리 딜레마에 대한 문제의식은 점점 더 커지고 있다. 많은 이들이 이 문제를 단순히 개인의 문제로 치부하지만, 이는 사회 구조적 원인을 내포하고 있다.","이 사안은 다양한 배경을 갖고 있다. 전문가들은 구조적 원인을 지적하며, 실질적인 대안을 모색할 필요가 있다고 말한다. 예를 들어 정책적 지원과 제도 개선이 병행되어야 한다.","따라서 이 문제는 더 이상 미룰 수 없는 사회적 과제다. 모두가 관심을 가지고 참여할 때, 비로소 실질적인 변화가 가능할 것이다.","자율주행차의 윤리 딜레마에 대한 문제의식은 점점 더 커지고 있다. 많은 이들이 이 문제를 단순히 개인의 문제로 치부하지만, 이는 사회 구조적 원인을 내포하고 있다.

이 사안은 다양한 배경을 갖고 있다. 전문가들은 구조적 원인을 지적하며, 실질적인 대안을 모색할 필요가 있다고 말한다. 예를 들어 정책적 지원과 제도 개선이 병행되어야 한다.

따라서 이 문제는 더 이상 미룰 수 없는 사회적 과제다. 모두가 관심을 가지고 참여할 때, 비로소 실질적인 변화가 가능할 것이다.",,,True,2025-03-15 08:03:32
1,"1인 가구 증가, 사회의 변화는?",T,poem,"1인 가구 증가, 사회의 변화는?에 대한 문제의식은 점점 더 커지고 있다. 많은 이들이 이 문제를 단순히 개인의 문제로 치부하지만, 이는 사회 구조적 원인을 내포하고 있다.","이 사안은 다양한 배경을 갖고 있다. 전문가들은 구조적 원인을 지적하며, 실질적인 대안을 모색할 필요가 있다고 말한다. 예를 들어 정책적 지원과 제도 개선이 병행되어야 한다.","따라서 이 문제는 더 이상 미룰 수 없는 사회적 과제다. 모두가 관심을 가지고 참여할 때, 비로소 실질적인 변화가 가능할 것이다.","1인 가구 증가, 사회의 변화는?에 대한 문제의식은 점점 더 커지고 있다. 많은 이들이 이 문제를 단순히 개인의 문제로 치부하지만, 이는 사회 구조적 원인을 내포하고 있다.

이 사안은 다양한 배경을 갖고 있다. 전문가들은 구조적 원인을 지적하며, 실질적인 대안을 모색할 필요가 있다고 말한다. 예를 들어 정책적 지원과 제도 개선이 병행되어야 한다.

따라서 이 문제는 더 이상 미룰 수 없는 사회적 과제다. 모두가 관심을 가지고 참여할 때, 비로소 실질적인 변화가 가능할 것이다.",,,False,2025-01-14 11:13:44
3,"청년 세대의 주거난, 해법은 있는가?",F,essay,"청년 세대의 주거난, 해법은 있는가?에 대한 문제의식은 점점 더 커지고 있다. 많은 이들이 이 문제를 단순히 개인의 문제로 치부하지만, 이는 사회 구조적 원인을 내포하고 있다.","이 사안은 다양한 배경을 갖고 있다. 전문가들은 구조적 원인을 지적하며, 실질적인 대안을 모색할 필요가 있다고 말한다. 예를 들어 정책적 지원과 제도 개선이 병행되어야 한다.","따라서 이 문제는 더 이상 미룰 수 없는 사회적 과제다. 모두가 관심을 가지고 참여할 때, 비로소 실질적인 변화가 가능할 것이다.","청년 세대의 주거난, 해법은 있는가?에 대한 문제의식은 점점 더 커지고 있다. 많은 이들이 이 문제를 단순히 개인의 문제로 치부하지만, 이는 사회 구조적 원인을 내포하고 있다.

이 사안은 다양한 배경을 갖고 있다. 전문가들은 구조적 원인을 지적하며, 실질적인 대안을 모색할 필요가 있다고 말한다. 예를 들어 정책적 지원과 제도 개선이 병행되어야 한다.

따라서 이 문제는 더 이상 미룰 수 없는 사회적 과제다. 모두가 관심을 가지고 참여할 때, 비로소 실질적인 변화가 가능할 것이다.",,,False,2025-05-16 06:18:26
1,"1인 가구 증가, 사회의 변화는?",F,poem,"1인 가구 증가, 사회의 변화는?에 대한 문제의식은 점점 더 커지고 있다. 많은 이들이 이 문제를 단순히 개인의 문제로 치부하지만, 이는 사회 구조적 원인을 내포하고 있다.","이 사안은 다양한 배경을 갖고 있다. 전문가들은 구조적 원인을 지적하며, 실질적인 대안을 모색할 필요가 있다고 말한다. 예를 들어 정책적 지원과 제도 개선이 병행되어야 한다.","따라서 이 문제는 더 이상 미룰 수 없는 사회적 과제다. 모두가 관심을 가지고 참여할 때, 비로소 실질적인 변화가 가능할 것이다.","1인 가구 증가, 사회의 변화는?에 대한 문제의식은 점점 더 커지고 있다. 많은 이들이 이 문제를 단순히 개인의 문제로 치부하지만, 이는 사회 구조적 원인을 내포하고 있다.

이 사안은 다양한 배경을 갖고 있다. 전문가들은 구조적 원인을 지적하며, 실질적인 대안을 모색할 필요가 있다고 말한다. 예를 들어 정책적 지원과 제도 개선이 병행되어야 한다.

따라서 이 문제는 더 이상 미룰 수 없는 사회적 과제다. 모두가 관심을 가지고 참여할 때, 비로소 실질적인 변화가 가능할 것이다.",,,True,2025-04-10 19:08:04
1,"2030의 정치 참여, 변화의 바람인가?",F,poem,"2030의 정치 참여, 변화의 바람인가?에 대한 문제의식은 점점 더 커지고 있다. 많은 이들이 이 문제를 단순히 개인의 문제로 치부하지만, 이는 사회 구조적 원인을 내포하고 있다.","이 사안은 다양한 배경을 갖고 있다. 전문가들은 구조적 원인을 지적하며, 실질적인 대안을 모색할 필요가 있다고 말한다. 예를 들어 정책적 지원과 제도 개선이 병행되어야 한다.","따라서 이 문제는 더 이상 미룰 수 없는 사회적 과제다. 모두가 관심을 가지고 참여할 때, 비로소 실질적인 변화가 가능할 것이다.","2030의 정치 참여, 변화의 바람인가?에 대한 문제의식은 점점 더 커지고 있다. 많은 이들이 이 문제를 단순히 개인의 문제로 치부하지만, 이는 사회 구조적 원인을 내포하고 있다.

이 사안은 다양한 배경을 갖고 있다. 전문가들은 구조적 원인을 지적하며, 실질적인 대안을 모색할 필요가 있다고 말한다. 예를 들어 정책적 지원과 제도 개선이 병행되어야 한다.

따라서 이 문제는 더 이상 미룰 수 없는 사회적 과제다. 모두가 관심을 가지고 참여할 때, 비로소 실질적인 변화가 가능할 것이다.",,,False,2025-04-01 21:10:10
3,"인공지능 시대, 인간의 역할은?",F,analysis,"인공지능 시대, 인간의 역할은?에 대한 문제의식은 점점 더 커지고 있다. 많은 이들이 이 문제를 단순히 개인의 문제로 치부하지만, 이는 사회 구조적 원인을 내포하고 있다.","이 사안은 다양한 배경을 갖고 있다. 전문가들은 구조적 원인을 지적하며, 실질적인 대안을 모색할 필요가 있다고 말한다. 예를 들어 정책적 지원과 제도 개선이 병행되어야 한다.","따라서 이 문제는 더 이상 미룰 수 없는 사회적 과제다. 모두가 관심을 가지고 참여할 때, 비로소 실질적인 변화가 가능할 것이다.","인공지능 시대, 인간의 역할은?에 대한 문제의식은 점점 더 커지고 있다. 많은 이들이 이 문제를 단순히 개인의 문제로 치부하지만, 이는 사회 구조적 원인을 내포하고 있다.

이 사안은 다양한 배경을 갖고 있다. 전문가들은 구조적 원인을 지적하며, 실질적인 대안을 모색할 필요가 있다고 말한다. 예를 들어 정책적 지원과 제도 개선이 병행되어야 한다.

따라서 이 문제는 더 이상 미룰 수 없는 사회적 과제다. 모두가 관심을 가지고 참여할 때, 비로소 실질적인 변화가 가능할 것이다.",,,True,2025-03-15 04:30:54
2,"1인 가구 증가, 사회의 변화는?",F,column,"1인 가구 증가, 사회의 변화는?에 대한 문제의식은 점점 더 커지고 있다. 많은 이들이 이 문제를 단순히 개인의 문제로 치부하지만, 이는 사회 구조적 원인을 내포하고 있다.","이 사안은 다양한 배경을 갖고 있다. 전문가들은 구조적 원인을 지적하며, 실질적인 대안을 모색할 필요가 있다고 말한다. 예를 들어 정책적 지원과 제도 개선이 병행되어야 한다.","따라서 이 문제는 더 이상 미룰 수 없는 사회적 과제다. 모두가 관심을 가지고 참여할 때, 비로소 실질적인 변화가 가능할 것이다.","1인 가구 증가, 사회의 변화는?에 대한 문제의식은 점점 더 커지고 있다. 많은 이들이 이 문제를 단순히 개인의 문제로 치부하지만, 이는 사회 구조적 원인을 내포하고 있다.

이 사안은 다양한 배경을 갖고 있다. 전문가들은 구조적 원인을 지적하며, 실질적인 대안을 모색할 필요가 있다고 말한다. 예를 들어 정책적 지원과 제도 개선이 병행되어야 한다.

따라서 이 문제는 더 이상 미룰 수 없는 사회적 과제다. 모두가 관심을 가지고 참여할 때, 비로소 실질적인 변화가 가능할 것이다.",,,True,2025-02-13 16:04:45
1,"콘텐츠 산업, K-컬처의 미래는?",T,essay,"콘텐츠 산업, K-컬처의 미래는?에 대한 문제의식은 점점 더 커지고 있다. 많은 이들이 이 문제를 단순히 개인의 문제로 치부하지만, 이는 사회 구조적 원인을 내포하고 있다.","이 사안은 다양한 배경을 갖고 있다. 전문가들은 구조적 원인을 지적하며, 실질적인 대안을 모색할 필요가 있다고 말한다. 예를 들어 정책적 지원과 제도 개선이 병행되어야 한다.","따라서 이 문제는 더 이상 미룰 수 없는 사회적 과제다. 모두가 관심을 가지고 참여할 때, 비로소 실질적인 변화가 가능할 것이다.","콘텐츠 산업, K-컬처의 미래는?에 대한 문제의식은 점점 더 커지고 있다. 많은 이들이 이 문제를 단순히 개인의 문제로 치부하지만, 이는 사회 구조적 원인을 내포하고 있다.

이 사안은 다양한 배경을 갖고 있다. 전문가들은 구조적 원인을 지적하며, 실질적인 대안을 모색할 필요가 있다고 말한다. 예를 들어 정책적 지원과 제도 개선이 병행되어야 한다.

따라서 이 문제는 더 이상 미룰 수 없는 사회적 과제다. 모두가 관심을 가지고 참여할 때, 비로소 실질적인 변화가 가능할 것이다.",,,False,2025-04-04 08:44:18
1,"젠더 갈등, 해소를 위한 첫걸음은?",T,poem,"젠더 갈등, 해소를 위한 첫걸음은?에 대한 문제의식은 점점 더 커지고 있다. 많은 이들이 이 문제를 단순히 개인의 문제로 치부하지만, 이는 사회 구조적 원인을 내포하고 있다.","이 사안은 다양한 배경을 갖고 있다. 전문가들은 구조적 원인을 지적하며, 실질적인 대안을 모색할 필요가 있다고 말한다. 예를 들어 정책적 지원과 제도 개선이 병행되어야 한다.","따라서 이 문제는 더 이상 미룰 수 없는 사회적 과제다. 모두가 관심을 가지고 참여할 때, 비로소 실질적인 변화가 가능할 것이다.","젠더 갈등, 해소를 위한 첫걸음은?에 대한 문제의식은 점점 더 커지고 있다. 많은 이들이 이 문제를 단순히 개인의 문제로 치부하지만, 이는 사회 구조적 원인을 내포하고 있다.

이 사안은 다양한 배경을 갖고 있다. 전문가들은 구조적 원인을 지적하며, 실질적인 대안을 모색할 필요가 있다고 말한다. 예를 들어 정책적 지원과 제도 개선이 병행되어야 한다.

따라서 이 문제는 더 이상 미룰 수 없는 사회적 과제다. 모두가 관심을 가지고 참여할 때, 비로소 실질적인 변화가 가능할 것이다.",,,True,2025-05-17 13:37:17
1,플랫폼 노동의 그림자,F,essay,"플랫폼 노동의 그림자에 대한 문제의식은 점점 더 커지고 있다. 많은 이들이 이 문제를 단순히 개인의 문제로 치부하지만, 이는 사회 구조적 원인을 내포하고 있다.","이 사안은 다양한 배경을 갖고 있다. 전문가들은 구조적 원인을 지적하며, 실질적인 대안을 모색할 필요가 있다고 말한다. 예를 들어 정책적 지원과 제도 개선이 병행되어야 한다.","따라서 이 문제는 더 이상 미룰 수 없는 사회적 과제다. 모두가 관심을 가지고 참여할 때, 비로소 실질적인 변화가 가능할 것이다.","플랫폼 노동의 그림자에 대한 문제의식은 점점 더 커지고 있다. 많은 이들이 이 문제를 단순히 개인의 문제로 치부하지만, 이는 사회 구조적 원인을 내포하고 있다.

이 사안은 다양한 배경을 갖고 있다. 전문가들은 구조적 원인을 지적하며, 실질적인 대안을 모색할 필요가 있다고 말한다. 예를 들어 정책적 지원과 제도 개선이 병행되어야 한다.

따라서 이 문제는 더 이상 미룰 수 없는 사회적 과제다. 모두가 관심을 가지고 참여할 때, 비로소 실질적인 변화가 가능할 것이다.",,,False,2025-03-03 07:20:33
1,"인공지능 시대, 인간의 역할은?",F,essay,"인공지능 시대, 인간의 역할은?에 대한 문제의식은 점점 더 커지고 있다. 많은 이들이 이 문제를 단순히 개인의 문제로 치부하지만, 이는 사회 구조적 원인을 내포하고 있다.","이 사안은 다양한 배경을 갖고 있다. 전문가들은 구조적 원인을 지적하며, 실질적인 대안을 모색할 필요가 있다고 말한다. 예를 들어 정책적 지원과 제도 개선이 병행되어야 한다.","따라서 이 문제는 더 이상 미룰 수 없는 사회적 과제다. 모두가 관심을 가지고 참여할 때, 비로소 실질적인 변화가 가능할 것이다.","인공지능 시대, 인간의 역할은?에 대한 문제의식은 점점 더 커지고 있다. 많은 이들이 이 문제를 단순히 개인의 문제로 치부하지만, 이는 사회 구조적 원인을 내포하고 있다.

이 사안은 다양한 배경을 갖고 있다. 전문가들은 구조적 원인을 지적하며, 실질적인 대안을 모색할 필요가 있다고 말한다. 예를 들어 정책적 지원과 제도 개선이 병행되어야 한다.

따라서 이 문제는 더 이상 미룰 수 없는 사회적 과제다. 모두가 관심을 가지고 참여할 때, 비로소 실질적인 변화가 가능할 것이다.",,,False,2025-02-09 18:23:28
3,"젠더 갈등, 해소를 위한 첫걸음은?",T,analysis,"젠더 갈등, 해소를 위한 첫걸음은?에 대한 문제의식은 점점 더 커지고 있다. 많은 이들이 이 문제를 단순히 개인의 문제로 치부하지만, 이는 사회 구조적 원인을 내포하고 있다.","이 사안은 다양한 배경을 갖고 있다. 전문가들은 구조적 원인을 지적하며, 실질적인 대안을 모색할 필요가 있다고 말한다. 예를 들어 정책적 지원과 제도 개선이 병행되어야 한다.","따라서 이 문제는 더 이상 미룰 수 없는 사회적 과제다. 모두가 관심을 가지고 참여할 때, 비로소 실질적인 변화가 가능할 것이다.","젠더 갈등, 해소를 위한 첫걸음은?에 대한 문제의식은 점점 더 커지고 있다. 많은 이들이 이 문제를 단순히 개인의 문제로 치부하지만, 이는 사회 구조적 원인을 내포하고 있다.

이 사안은 다양한 배경을 갖고 있다. 전문가들은 구조적 원인을 지적하며, 실질적인 대안을 모색할 필요가 있다고 말한다. 예를 들어 정책적 지원과 제도 개선이 병행되어야 한다.

따라서 이 문제는 더 이상 미룰 수 없는 사회적 과제다. 모두가 관심을 가지고 참여할 때, 비로소 실질적인 변화가 가능할 것이다.",,,False,2025-03-07 16:49:42
2,"기후 위기, 우리는 얼마나 준비되어 있는가?",T,essay,"기후 위기, 우리는 얼마나 준비되어 있는가?에 대한 문제의식은 점점 더 커지고 있다. 많은 이들이 이 문제를 단순히 개인의 문제로 치부하지만, 이는 사회 구조적 원인을 내포하고 있다.","이 사안은 다양한 배경을 갖고 있다. 전문가들은 구조적 원인을 지적하며, 실질적인 대안을 모색할 필요가 있다고 말한다. 예를 들어 정책적 지원과 제도 개선이 병행되어야 한다.","따라서 이 문제는 더 이상 미룰 수 없는 사회적 과제다. 모두가 관심을 가지고 참여할 때, 비로소 실질적인 변화가 가능할 것이다.","기후 위기, 우리는 얼마나 준비되어 있는가?에 대한 문제의식은 점점 더 커지고 있다. 많은 이들이 이 문제를 단순히 개인의 문제로 치부하지만, 이는 사회 구조적 원인을 내포하고 있다.

이 사안은 다양한 배경을 갖고 있다. 전문가들은 구조적 원인을 지적하며, 실질적인 대안을 모색할 필요가 있다고 말한다. 예를 들어 정책적 지원과 제도 개선이 병행되어야 한다.

따라서 이 문제는 더 이상 미룰 수 없는 사회적 과제다. 모두가 관심을 가지고 참여할 때, 비로소 실질적인 변화가 가능할 것이다.",,,True,2025-05-31 02:09:04
2,"1인 가구 증가, 사회의 변화는?",F,column,"1인 가구 증가, 사회의 변화는?에 대한 문제의식은 점점 더 커지고 있다. 많은 이들이 이 문제를 단순히 개인의 문제로 치부하지만, 이는 사회 구조적 원인을 내포하고 있다.","이 사안은 다양한 배경을 갖고 있다. 전문가들은 구조적 원인을 지적하며, 실질적인 대안을 모색할 필요가 있다고 말한다. 예를 들어 정책적 지원과 제도 개선이 병행되어야 한다.","따라서 이 문제는 더 이상 미룰 수 없는 사회적 과제다. 모두가 관심을 가지고 참여할 때, 비로소 실질적인 변화가 가능할 것이다.","1인 가구 증가, 사회의 변화는?에 대한 문제의식은 점점 더 커지고 있다. 많은 이들이 이 문제를 단순히 개인의 문제로 치부하지만, 이는 사회 구조적 원인을 내포하고 있다.

이 사안은 다양한 배경을 갖고 있다. 전문가들은 구조적 원인을 지적하며, 실질적인 대안을 모색할 필요가 있다고 말한다. 예를 들어 정책적 지원과 제도 개선이 병행되어야 한다.

따라서 이 문제는 더 이상 미룰 수 없는 사회적 과제다. 모두가 관심을 가지고 참여할 때, 비로소 실질적인 변화가 가능할 것이다.",,,False,2025-04-04 20:04:59
1,플랫폼 노동의 그림자,F,poem,"플랫폼 노동의 그림자에 대한 문제의식은 점점 더 커지고 있다. 많은 이들이 이 문제를 단순히 개인의 문제로 치부하지만, 이는 사회 구조적 원인을 내포하고 있다.","이 사안은 다양한 배경을 갖고 있다. 전문가들은 구조적 원인을 지적하며, 실질적인 대안을 모색할 필요가 있다고 말한다. 예를 들어 정책적 지원과 제도 개선이 병행되어야 한다.","따라서 이 문제는 더 이상 미룰 수 없는 사회적 과제다. 모두가 관심을 가지고 참여할 때, 비로소 실질적인 변화가 가능할 것이다.","플랫폼 노동의 그림자에 대한 문제의식은 점점 더 커지고 있다. 많은 이들이 이 문제를 단순히 개인의 문제로 치부하지만, 이는 사회 구조적 원인을 내포하고 있다.

이 사안은 다양한 배경을 갖고 있다. 전문가들은 구조적 원인을 지적하며, 실질적인 대안을 모색할 필요가 있다고 말한다. 예를 들어 정책적 지원과 제도 개선이 병행되어야 한다.

따라서 이 문제는 더 이상 미룰 수 없는 사회적 과제다. 모두가 관심을 가지고 참여할 때, 비로소 실질적인 변화가 가능할 것이다.",,,True,2025-02-01 06:11:34
3,"인공지능 시대, 인간의 역할은?",F,column,"인공지능 시대, 인간의 역할은?에 대한 문제의식은 점점 더 커지고 있다. 많은 이들이 이 문제를 단순히 개인의 문제로 치부하지만, 이는 사회 구조적 원인을 내포하고 있다.","이 사안은 다양한 배경을 갖고 있다. 전문가들은 구조적 원인을 지적하며, 실질적인 대안을 모색할 필요가 있다고 말한다. 예를 들어 정책적 지원과 제도 개선이 병행되어야 한다.","따라서 이 문제는 더 이상 미룰 수 없는 사회적 과제다. 모두가 관심을 가지고 참여할 때, 비로소 실질적인 변화가 가능할 것이다.","인공지능 시대, 인간의 역할은?에 대한 문제의식은 점점 더 커지고 있다. 많은 이들이 이 문제를 단순히 개인의 문제로 치부하지만, 이는 사회 구조적 원인을 내포하고 있다.

이 사안은 다양한 배경을 갖고 있다. 전문가들은 구조적 원인을 지적하며, 실질적인 대안을 모색할 필요가 있다고 말한다. 예를 들어 정책적 지원과 제도 개선이 병행되어야 한다.

따라서 이 문제는 더 이상 미룰 수 없는 사회적 과제다. 모두가 관심을 가지고 참여할 때, 비로소 실질적인 변화가 가능할 것이다.",,,True,2025-01-03 23:24:56
3,"인공지능 시대, 인간의 역할은?",F,poem,"인공지능 시대, 인간의 역할은?에 대한 문제의식은 점점 더 커지고 있다. 많은 이들이 이 문제를 단순히 개인의 문제로 치부하지만, 이는 사회 구조적 원인을 내포하고 있다.","이 사안은 다양한 배경을 갖고 있다. 전문가들은 구조적 원인을 지적하며, 실질적인 대안을 모색할 필요가 있다고 말한다. 예를 들어 정책적 지원과 제도 개선이 병행되어야 한다.","따라서 이 문제는 더 이상 미룰 수 없는 사회적 과제다. 모두가 관심을 가지고 참여할 때, 비로소 실질적인 변화가 가능할 것이다.","인공지능 시대, 인간의 역할은?에 대한 문제의식은 점점 더 커지고 있다. 많은 이들이 이 문제를 단순히 개인의 문제로 치부하지만, 이는 사회 구조적 원인을 내포하고 있다.

이 사안은 다양한 배경을 갖고 있다. 전문가들은 구조적 원인을 지적하며, 실질적인 대안을 모색할 필요가 있다고 말한다. 예를 들어 정책적 지원과 제도 개선이 병행되어야 한다.

따라서 이 문제는 더 이상 미룰 수 없는 사회적 과제다. 모두가 관심을 가지고 참여할 때, 비로소 실질적인 변화가 가능할 것이다.",,,False,2025-02-25 11:09:29
1,플랫폼 노동의 그림자,T,analysis,"플랫폼 노동의 그림자에 대한 문제의식은 점점 더 커지고 있다. 많은 이들이 이 문제를 단순히 개인의 문제로 치부하지만, 이는 사회 구조적 원인을 내포하고 있다.","이 사안은 다양한 배경을 갖고 있다. 전문가들은 구조적 원인을 지적하며, 실질적인 대안을 모색할 필요가 있다고 말한다. 예를 들어 정책적 지원과 제도 개선이 병행되어야 한다.","따라서 이 문제는 더 이상 미룰 수 없는 사회적 과제다. 모두가 관심을 가지고 참여할 때, 비로소 실질적인 변화가 가능할 것이다.","플랫폼 노동의 그림자에 대한 문제의식은 점점 더 커지고 있다. 많은 이들이 이 문제를 단순히 개인의 문제로 치부하지만, 이는 사회 구조적 원인을 내포하고 있다.

이 사안은 다양한 배경을 갖고 있다. 전문가들은 구조적 원인을 지적하며, 실질적인 대안을 모색할 필요가 있다고 말한다. 예를 들어 정책적 지원과 제도 개선이 병행되어야 한다.

따라서 이 문제는 더 이상 미룰 수 없는 사회적 과제다. 모두가 관심을 가지고 참여할 때, 비로소 실질적인 변화가 가능할 것이다.",,,False,2025-04-05 13:31:13
1,자율주행차의 윤리 딜레마,T,column,"자율주행차의 윤리 딜레마에 대한 문제의식은 점점 더 커지고 있다. 많은 이들이 이 문제를 단순히 개인의 문제로 치부하지만, 이는 사회 구조적 원인을 내포하고 있다.","이 사안은 다양한 배경을 갖고 있다. 전문가들은 구조적 원인을 지적하며, 실질적인 대안을 모색할 필요가 있다고 말한다. 예를 들어 정책적 지원과 제도 개선이 병행되어야 한다.","따라서 이 문제는 더 이상 미룰 수 없는 사회적 과제다. 모두가 관심을 가지고 참여할 때, 비로소 실질적인 변화가 가능할 것이다.","자율주행차의 윤리 딜레마에 대한 문제의식은 점점 더 커지고 있다. 많은 이들이 이 문제를 단순히 개인의 문제로 치부하지만, 이는 사회 구조적 원인을 내포하고 있다.

이 사안은 다양한 배경을 갖고 있다. 전문가들은 구조적 원인을 지적하며, 실질적인 대안을 모색할 필요가 있다고 말한다. 예를 들어 정책적 지원과 제도 개선이 병행되어야 한다.

따라서 이 문제는 더 이상 미룰 수 없는 사회적 과제다. 모두가 관심을 가지고 참여할 때, 비로소 실질적인 변화가 가능할 것이다.",,,True,2025-02-09 04:04:50
3,"1인 가구 증가, 사회의 변화는?",F,poem,"1인 가구 증가, 사회의 변화는?에 대한 문제의식은 점점 더 커지고 있다. 많은 이들이 이 문제를 단순히 개인의 문제로 치부하지만, 이는 사회 구조적 원인을 내포하고 있다.","이 사안은 다양한 배경을 갖고 있다. 전문가들은 구조적 원인을 지적하며, 실질적인 대안을 모색할 필요가 있다고 말한다. 예를 들어 정책적 지원과 제도 개선이 병행되어야 한다.","따라서 이 문제는 더 이상 미룰 수 없는 사회적 과제다. 모두가 관심을 가지고 참여할 때, 비로소 실질적인 변화가 가능할 것이다.","1인 가구 증가, 사회의 변화는?에 대한 문제의식은 점점 더 커지고 있다. 많은 이들이 이 문제를 단순히 개인의 문제로 치부하지만, 이는 사회 구조적 원인을 내포하고 있다.

이 사안은 다양한 배경을 갖고 있다. 전문가들은 구조적 원인을 지적하며, 실질적인 대안을 모색할 필요가 있다고 말한다. 예를 들어 정책적 지원과 제도 개선이 병행되어야 한다.

따라서 이 문제는 더 이상 미룰 수 없는 사회적 과제다. 모두가 관심을 가지고 참여할 때, 비로소 실질적인 변화가 가능할 것이다.",,,False,2025-03-26 22:19:57
3,플랫폼 노동의 그림자,F,analysis,"플랫폼 노동의 그림자에 대한 문제의식은 점점 더 커지고 있다. 많은 이들이 이 문제를 단순히 개인의 문제로 치부하지만, 이는 사회 구조적 원인을 내포하고 있다.","이 사안은 다양한 배경을 갖고 있다. 전문가들은 구조적 원인을 지적하며, 실질적인 대안을 모색할 필요가 있다고 말한다. 예를 들어 정책적 지원과 제도 개선이 병행되어야 한다.","따라서 이 문제는 더 이상 미룰 수 없는 사회적 과제다. 모두가 관심을 가지고 참여할 때, 비로소 실질적인 변화가 가능할 것이다.","플랫폼 노동의 그림자에 대한 문제의식은 점점 더 커지고 있다. 많은 이들이 이 문제를 단순히 개인의 문제로 치부하지만, 이는 사회 구조적 원인을 내포하고 있다.

이 사안은 다양한 배경을 갖고 있다. 전문가들은 구조적 원인을 지적하며, 실질적인 대안을 모색할 필요가 있다고 말한다. 예를 들어 정책적 지원과 제도 개선이 병행되어야 한다.

따라서 이 문제는 더 이상 미룰 수 없는 사회적 과제다. 모두가 관심을 가지고 참여할 때, 비로소 실질적인 변화가 가능할 것이다.",,,True,2025-04-16 21:39:58
1,"2030의 정치 참여, 변화의 바람인가?",F,poem,"2030의 정치 참여, 변화의 바람인가?에 대한 문제의식은 점점 더 커지고 있다. 많은 이들이 이 문제를 단순히 개인의 문제로 치부하지만, 이는 사회 구조적 원인을 내포하고 있다.","이 사안은 다양한 배경을 갖고 있다. 전문가들은 구조적 원인을 지적하며, 실질적인 대안을 모색할 필요가 있다고 말한다. 예를 들어 정책적 지원과 제도 개선이 병행되어야 한다.","따라서 이 문제는 더 이상 미룰 수 없는 사회적 과제다. 모두가 관심을 가지고 참여할 때, 비로소 실질적인 변화가 가능할 것이다.","2030의 정치 참여, 변화의 바람인가?에 대한 문제의식은 점점 더 커지고 있다. 많은 이들이 이 문제를 단순히 개인의 문제로 치부하지만, 이는 사회 구조적 원인을 내포하고 있다.

이 사안은 다양한 배경을 갖고 있다. 전문가들은 구조적 원인을 지적하며, 실질적인 대안을 모색할 필요가 있다고 말한다. 예를 들어 정책적 지원과 제도 개선이 병행되어야 한다.

따라서 이 문제는 더 이상 미룰 수 없는 사회적 과제다. 모두가 관심을 가지고 참여할 때, 비로소 실질적인 변화가 가능할 것이다.",,,False,2025-05-20 09:29:49
1,"인공지능 시대, 인간의 역할은?",F,poem,"인공지능 시대, 인간의 역할은?에 대한 문제의식은 점점 더 커지고 있다. 많은 이들이 이 문제를 단순히 개인의 문제로 치부하지만, 이는 사회 구조적 원인을 내포하고 있다.","이 사안은 다양한 배경을 갖고 있다. 전문가들은 구조적 원인을 지적하며, 실질적인 대안을 모색할 필요가 있다고 말한다. 예를 들어 정책적 지원과 제도 개선이 병행되어야 한다.","따라서 이 문제는 더 이상 미룰 수 없는 사회적 과제다. 모두가 관심을 가지고 참여할 때, 비로소 실질적인 변화가 가능할 것이다.","인공지능 시대, 인간의 역할은?에 대한 문제의식은 점점 더 커지고 있다. 많은 이들이 이 문제를 단순히 개인의 문제로 치부하지만, 이는 사회 구조적 원인을 내포하고 있다.

이 사안은 다양한 배경을 갖고 있다. 전문가들은 구조적 원인을 지적하며, 실질적인 대안을 모색할 필요가 있다고 말한다. 예를 들어 정책적 지원과 제도 개선이 병행되어야 한다.

따라서 이 문제는 더 이상 미룰 수 없는 사회적 과제다. 모두가 관심을 가지고 참여할 때, 비로소 실질적인 변화가 가능할 것이다.",,,False,2025-02-24 02:46:42
1,"기후 위기, 우리는 얼마나 준비되어 있는가?",F,essay,"기후 위기, 우리는 얼마나 준비되어 있는가?에 대한 문제의식은 점점 더 커지고 있다. 많은 이들이 이 문제를 단순히 개인의 문제로 치부하지만, 이는 사회 구조적 원인을 내포하고 있다.","이 사안은 다양한 배경을 갖고 있다. 전문가들은 구조적 원인을 지적하며, 실질적인 대안을 모색할 필요가 있다고 말한다. 예를 들어 정책적 지원과 제도 개선이 병행되어야 한다.","따라서 이 문제는 더 이상 미룰 수 없는 사회적 과제다. 모두가 관심을 가지고 참여할 때, 비로소 실질적인 변화가 가능할 것이다.","기후 위기, 우리는 얼마나 준비되어 있는가?에 대한 문제의식은 점점 더 커지고 있다. 많은 이들이 이 문제를 단순히 개인의 문제로 치부하지만, 이는 사회 구조적 원인을 내포하고 있다.

이 사안은 다양한 배경을 갖고 있다. 전문가들은 구조적 원인을 지적하며, 실질적인 대안을 모색할 필요가 있다고 말한다. 예를 들어 정책적 지원과 제도 개선이 병행되어야 한다.

따라서 이 문제는 더 이상 미룰 수 없는 사회적 과제다. 모두가 관심을 가지고 참여할 때, 비로소 실질적인 변화가 가능할 것이다.",,,False,2025-01-15 15:16:29
2,"2030의 정치 참여, 변화의 바람인가?",T,analysis,"2030의 정치 참여, 변화의 바람인가?에 대한 문제의식은 점점 더 커지고 있다. 많은 이들이 이 문제를 단순히 개인의 문제로 치부하지만, 이는 사회 구조적 원인을 내포하고 있다.","이 사안은 다양한 배경을 갖고 있다. 전문가들은 구조적 원인을 지적하며, 실질적인 대안을 모색할 필요가 있다고 말한다. 예를 들어 정책적 지원과 제도 개선이 병행되어야 한다.","따라서 이 문제는 더 이상 미룰 수 없는 사회적 과제다. 모두가 관심을 가지고 참여할 때, 비로소 실질적인 변화가 가능할 것이다.","2030의 정치 참여, 변화의 바람인가?에 대한 문제의식은 점점 더 커지고 있다. 많은 이들이 이 문제를 단순히 개인의 문제로 치부하지만, 이는 사회 구조적 원인을 내포하고 있다.

이 사안은 다양한 배경을 갖고 있다. 전문가들은 구조적 원인을 지적하며, 실질적인 대안을 모색할 필요가 있다고 말한다. 예를 들어 정책적 지원과 제도 개선이 병행되어야 한다.

따라서 이 문제는 더 이상 미룰 수 없는 사회적 과제다. 모두가 관심을 가지고 참여할 때, 비로소 실질적인 변화가 가능할 것이다.",,,True,2025-01-17 11:26:04
2,감정노동자 보호법 실효성 논란,T,column,"감정노동자 보호법 실효성 논란에 대한 문제의식은 점점 더 커지고 있다. 많은 이들이 이 문제를 단순히 개인의 문제로 치부하지만, 이는 사회 구조적 원인을 내포하고 있다.","이 사안은 다양한 배경을 갖고 있다. 전문가들은 구조적 원인을 지적하며, 실질적인 대안을 모색할 필요가 있다고 말한다. 예를 들어 정책적 지원과 제도 개선이 병행되어야 한다.","따라서 이 문제는 더 이상 미룰 수 없는 사회적 과제다. 모두가 관심을 가지고 참여할 때, 비로소 실질적인 변화가 가능할 것이다.","감정노동자 보호법 실효성 논란에 대한 문제의식은 점점 더 커지고 있다. 많은 이들이 이 문제를 단순히 개인의 문제로 치부하지만, 이는 사회 구조적 원인을 내포하고 있다.

이 사안은 다양한 배경을 갖고 있다. 전문가들은 구조적 원인을 지적하며, 실질적인 대안을 모색할 필요가 있다고 말한다. 예를 들어 정책적 지원과 제도 개선이 병행되어야 한다.

따라서 이 문제는 더 이상 미룰 수 없는 사회적 과제다. 모두가 관심을 가지고 참여할 때, 비로소 실질적인 변화가 가능할 것이다.",,,True,2025-04-25 04:52:02
3,"1인 가구 증가, 사회의 변화는?",T,analysis,"1인 가구 증가, 사회의 변화는?에 대한 문제의식은 점점 더 커지고 있다. 많은 이들이 이 문제를 단순히 개인의 문제로 치부하지만, 이는 사회 구조적 원인을 내포하고 있다.","이 사안은 다양한 배경을 갖고 있다. 전문가들은 구조적 원인을 지적하며, 실질적인 대안을 모색할 필요가 있다고 말한다. 예를 들어 정책적 지원과 제도 개선이 병행되어야 한다.","따라서 이 문제는 더 이상 미룰 수 없는 사회적 과제다. 모두가 관심을 가지고 참여할 때, 비로소 실질적인 변화가 가능할 것이다.","1인 가구 증가, 사회의 변화는?에 대한 문제의식은 점점 더 커지고 있다. 많은 이들이 이 문제를 단순히 개인의 문제로 치부하지만, 이는 사회 구조적 원인을 내포하고 있다.

이 사안은 다양한 배경을 갖고 있다. 전문가들은 구조적 원인을 지적하며, 실질적인 대안을 모색할 필요가 있다고 말한다. 예를 들어 정책적 지원과 제도 개선이 병행되어야 한다.

따라서 이 문제는 더 이상 미룰 수 없는 사회적 과제다. 모두가 관심을 가지고 참여할 때, 비로소 실질적인 변화가 가능할 것이다.",,,True,2025-03-24 02:47:09
2,"1인 가구 증가, 사회의 변화는?",T,analysis,"1인 가구 증가, 사회의 변화는?에 대한 문제의식은 점점 더 커지고 있다. 많은 이들이 이 문제를 단순히 개인의 문제로 치부하지만, 이는 사회 구조적 원인을 내포하고 있다.","이 사안은 다양한 배경을 갖고 있다. 전문가들은 구조적 원인을 지적하며, 실질적인 대안을 모색할 필요가 있다고 말한다. 예를 들어 정책적 지원과 제도 개선이 병행되어야 한다.","따라서 이 문제는 더 이상 미룰 수 없는 사회적 과제다. 모두가 관심을 가지고 참여할 때, 비로소 실질적인 변화가 가능할 것이다.","1인 가구 증가, 사회의 변화는?에 대한 문제의식은 점점 더 커지고 있다. 많은 이들이 이 문제를 단순히 개인의 문제로 치부하지만, 이는 사회 구조적 원인을 내포하고 있다.

이 사안은 다양한 배경을 갖고 있다. 전문가들은 구조적 원인을 지적하며, 실질적인 대안을 모색할 필요가 있다고 말한다. 예를 들어 정책적 지원과 제도 개선이 병행되어야 한다.

따라서 이 문제는 더 이상 미룰 수 없는 사회적 과제다. 모두가 관심을 가지고 참여할 때, 비로소 실질적인 변화가 가능할 것이다.",,,True,2025-05-14 03:25:13
1,"젠더 갈등, 해소를 위한 첫걸음은?",F,column,"젠더 갈등, 해소를 위한 첫걸음은?에 대한 문제의식은 점점 더 커지고 있다. 많은 이들이 이 문제를 단순히 개인의 문제로 치부하지만, 이는 사회 구조적 원인을 내포하고 있다.","이 사안은 다양한 배경을 갖고 있다. 전문가들은 구조적 원인을 지적하며, 실질적인 대안을 모색할 필요가 있다고 말한다. 예를 들어 정책적 지원과 제도 개선이 병행되어야 한다.","따라서 이 문제는 더 이상 미룰 수 없는 사회적 과제다. 모두가 관심을 가지고 참여할 때, 비로소 실질적인 변화가 가능할 것이다.","젠더 갈등, 해소를 위한 첫걸음은?에 대한 문제의식은 점점 더 커지고 있다. 많은 이들이 이 문제를 단순히 개인의 문제로 치부하지만, 이는 사회 구조적 원인을 내포하고 있다.

이 사안은 다양한 배경을 갖고 있다. 전문가들은 구조적 원인을 지적하며, 실질적인 대안을 모색할 필요가 있다고 말한다. 예를 들어 정책적 지원과 제도 개선이 병행되어야 한다.

따라서 이 문제는 더 이상 미룰 수 없는 사회적 과제다. 모두가 관심을 가지고 참여할 때, 비로소 실질적인 변화가 가능할 것이다.",,,True,2025-03-31 08:49:46
1,감정노동자 보호법 실효성 논란,T,essay,"감정노동자 보호법 실효성 논란에 대한 문제의식은 점점 더 커지고 있다. 많은 이들이 이 문제를 단순히 개인의 문제로 치부하지만, 이는 사회 구조적 원인을 내포하고 있다.","이 사안은 다양한 배경을 갖고 있다. 전문가들은 구조적 원인을 지적하며, 실질적인 대안을 모색할 필요가 있다고 말한다. 예를 들어 정책적 지원과 제도 개선이 병행되어야 한다.","따라서 이 문제는 더 이상 미룰 수 없는 사회적 과제다. 모두가 관심을 가지고 참여할 때, 비로소 실질적인 변화가 가능할 것이다.","감정노동자 보호법 실효성 논란에 대한 문제의식은 점점 더 커지고 있다. 많은 이들이 이 문제를 단순히 개인의 문제로 치부하지만, 이는 사회 구조적 원인을 내포하고 있다.

이 사안은 다양한 배경을 갖고 있다. 전문가들은 구조적 원인을 지적하며, 실질적인 대안을 모색할 필요가 있다고 말한다. 예를 들어 정책적 지원과 제도 개선이 병행되어야 한다.

따라서 이 문제는 더 이상 미룰 수 없는 사회적 과제다. 모두가 관심을 가지고 참여할 때, 비로소 실질적인 변화가 가능할 것이다.",,,True,2025-05-04 15:42:13
1,"청년 세대의 주거난, 해법은 있는가?",F,column,"청년 세대의 주거난, 해법은 있는가?에 대한 문제의식은 점점 더 커지고 있다. 많은 이들이 이 문제를 단순히 개인의 문제로 치부하지만, 이는 사회 구조적 원인을 내포하고 있다.","이 사안은 다양한 배경을 갖고 있다. 전문가들은 구조적 원인을 지적하며, 실질적인 대안을 모색할 필요가 있다고 말한다. 예를 들어 정책적 지원과 제도 개선이 병행되어야 한다.","따라서 이 문제는 더 이상 미룰 수 없는 사회적 과제다. 모두가 관심을 가지고 참여할 때, 비로소 실질적인 변화가 가능할 것이다.","청년 세대의 주거난, 해법은 있는가?에 대한 문제의식은 점점 더 커지고 있다. 많은 이들이 이 문제를 단순히 개인의 문제로 치부하지만, 이는 사회 구조적 원인을 내포하고 있다.

이 사안은 다양한 배경을 갖고 있다. 전문가들은 구조적 원인을 지적하며, 실질적인 대안을 모색할 필요가 있다고 말한다. 예를 들어 정책적 지원과 제도 개선이 병행되어야 한다.

따라서 이 문제는 더 이상 미룰 수 없는 사회적 과제다. 모두가 관심을 가지고 참여할 때, 비로소 실질적인 변화가 가능할 것이다.",,,False,2025-04-25 23:03:55
1,자율주행차의 윤리 딜레마,F,analysis,"자율주행차의 윤리 딜레마에 대한 문제의식은 점점 더 커지고 있다. 많은 이들이 이 문제를 단순히 개인의 문제로 치부하지만, 이는 사회 구조적 원인을 내포하고 있다.","이 사안은 다양한 배경을 갖고 있다. 전문가들은 구조적 원인을 지적하며, 실질적인 대안을 모색할 필요가 있다고 말한다. 예를 들어 정책적 지원과 제도 개선이 병행되어야 한다.","따라서 이 문제는 더 이상 미룰 수 없는 사회적 과제다. 모두가 관심을 가지고 참여할 때, 비로소 실질적인 변화가 가능할 것이다.","자율주행차의 윤리 딜레마에 대한 문제의식은 점점 더 커지고 있다. 많은 이들이 이 문제를 단순히 개인의 문제로 치부하지만, 이는 사회 구조적 원인을 내포하고 있다.

이 사안은 다양한 배경을 갖고 있다. 전문가들은 구조적 원인을 지적하며, 실질적인 대안을 모색할 필요가 있다고 말한다. 예를 들어 정책적 지원과 제도 개선이 병행되어야 한다.

따라서 이 문제는 더 이상 미룰 수 없는 사회적 과제다. 모두가 관심을 가지고 참여할 때, 비로소 실질적인 변화가 가능할 것이다.",,,True,2025-01-20 13:32:43
2,"콘텐츠 산업, K-컬처의 미래는?",T,column,"콘텐츠 산업, K-컬처의 미래는?에 대한 문제의식은 점점 더 커지고 있다. 많은 이들이 이 문제를 단순히 개인의 문제로 치부하지만, 이는 사회 구조적 원인을 내포하고 있다.","이 사안은 다양한 배경을 갖고 있다. 전문가들은 구조적 원인을 지적하며, 실질적인 대안을 모색할 필요가 있다고 말한다. 예를 들어 정책적 지원과 제도 개선이 병행되어야 한다.","따라서 이 문제는 더 이상 미룰 수 없는 사회적 과제다. 모두가 관심을 가지고 참여할 때, 비로소 실질적인 변화가 가능할 것이다.","콘텐츠 산업, K-컬처의 미래는?에 대한 문제의식은 점점 더 커지고 있다. 많은 이들이 이 문제를 단순히 개인의 문제로 치부하지만, 이는 사회 구조적 원인을 내포하고 있다.

이 사안은 다양한 배경을 갖고 있다. 전문가들은 구조적 원인을 지적하며, 실질적인 대안을 모색할 필요가 있다고 말한다. 예를 들어 정책적 지원과 제도 개선이 병행되어야 한다.

따라서 이 문제는 더 이상 미룰 수 없는 사회적 과제다. 모두가 관심을 가지고 참여할 때, 비로소 실질적인 변화가 가능할 것이다.",,,False,2025-02-23 02:26:09
3,"1인 가구 증가, 사회의 변화는?",F,column,"1인 가구 증가, 사회의 변화는?에 대한 문제의식은 점점 더 커지고 있다. 많은 이들이 이 문제를 단순히 개인의 문제로 치부하지만, 이는 사회 구조적 원인을 내포하고 있다.","이 사안은 다양한 배경을 갖고 있다. 전문가들은 구조적 원인을 지적하며, 실질적인 대안을 모색할 필요가 있다고 말한다. 예를 들어 정책적 지원과 제도 개선이 병행되어야 한다.","따라서 이 문제는 더 이상 미룰 수 없는 사회적 과제다. 모두가 관심을 가지고 참여할 때, 비로소 실질적인 변화가 가능할 것이다.","1인 가구 증가, 사회의 변화는?에 대한 문제의식은 점점 더 커지고 있다. 많은 이들이 이 문제를 단순히 개인의 문제로 치부하지만, 이는 사회 구조적 원인을 내포하고 있다.

이 사안은 다양한 배경을 갖고 있다. 전문가들은 구조적 원인을 지적하며, 실질적인 대안을 모색할 필요가 있다고 말한다. 예를 들어 정책적 지원과 제도 개선이 병행되어야 한다.

따라서 이 문제는 더 이상 미룰 수 없는 사회적 과제다. 모두가 관심을 가지고 참여할 때, 비로소 실질적인 변화가 가능할 것이다.",,,True,2025-03-17 07:37:12
2,"청년 세대의 주거난, 해법은 있는가?",F,column,"청년 세대의 주거난, 해법은 있는가?에 대한 문제의식은 점점 더 커지고 있다. 많은 이들이 이 문제를 단순히 개인의 문제로 치부하지만, 이는 사회 구조적 원인을 내포하고 있다.","이 사안은 다양한 배경을 갖고 있다. 전문가들은 구조적 원인을 지적하며, 실질적인 대안을 모색할 필요가 있다고 말한다. 예를 들어 정책적 지원과 제도 개선이 병행되어야 한다.","따라서 이 문제는 더 이상 미룰 수 없는 사회적 과제다. 모두가 관심을 가지고 참여할 때, 비로소 실질적인 변화가 가능할 것이다.","청년 세대의 주거난, 해법은 있는가?에 대한 문제의식은 점점 더 커지고 있다. 많은 이들이 이 문제를 단순히 개인의 문제로 치부하지만, 이는 사회 구조적 원인을 내포하고 있다.

이 사안은 다양한 배경을 갖고 있다. 전문가들은 구조적 원인을 지적하며, 실질적인 대안을 모색할 필요가 있다고 말한다. 예를 들어 정책적 지원과 제도 개선이 병행되어야 한다.

따라서 이 문제는 더 이상 미룰 수 없는 사회적 과제다. 모두가 관심을 가지고 참여할 때, 비로소 실질적인 변화가 가능할 것이다.",,,True,2025-03-23 02:08:45
2,플랫폼 노동의 그림자,F,poem,"플랫폼 노동의 그림자에 대한 문제의식은 점점 더 커지고 있다. 많은 이들이 이 문제를 단순히 개인의 문제로 치부하지만, 이는 사회 구조적 원인을 내포하고 있다.","이 사안은 다양한 배경을 갖고 있다. 전문가들은 구조적 원인을 지적하며, 실질적인 대안을 모색할 필요가 있다고 말한다. 예를 들어 정책적 지원과 제도 개선이 병행되어야 한다.","따라서 이 문제는 더 이상 미룰 수 없는 사회적 과제다. 모두가 관심을 가지고 참여할 때, 비로소 실질적인 변화가 가능할 것이다.","플랫폼 노동의 그림자에 대한 문제의식은 점점 더 커지고 있다. 많은 이들이 이 문제를 단순히 개인의 문제로 치부하지만, 이는 사회 구조적 원인을 내포하고 있다.

이 사안은 다양한 배경을 갖고 있다. 전문가들은 구조적 원인을 지적하며, 실질적인 대안을 모색할 필요가 있다고 말한다. 예를 들어 정책적 지원과 제도 개선이 병행되어야 한다.

따라서 이 문제는 더 이상 미룰 수 없는 사회적 과제다. 모두가 관심을 가지고 참여할 때, 비로소 실질적인 변화가 가능할 것이다.",,,True,2025-04-21 09:47:08
1,"1인 가구 증가, 사회의 변화는?",T,poem,"1인 가구 증가, 사회의 변화는?에 대한 문제의식은 점점 더 커지고 있다. 많은 이들이 이 문제를 단순히 개인의 문제로 치부하지만, 이는 사회 구조적 원인을 내포하고 있다.","이 사안은 다양한 배경을 갖고 있다. 전문가들은 구조적 원인을 지적하며, 실질적인 대안을 모색할 필요가 있다고 말한다. 예를 들어 정책적 지원과 제도 개선이 병행되어야 한다.","따라서 이 문제는 더 이상 미룰 수 없는 사회적 과제다. 모두가 관심을 가지고 참여할 때, 비로소 실질적인 변화가 가능할 것이다.","1인 가구 증가, 사회의 변화는?에 대한 문제의식은 점점 더 커지고 있다. 많은 이들이 이 문제를 단순히 개인의 문제로 치부하지만, 이는 사회 구조적 원인을 내포하고 있다.

이 사안은 다양한 배경을 갖고 있다. 전문가들은 구조적 원인을 지적하며, 실질적인 대안을 모색할 필요가 있다고 말한다. 예를 들어 정책적 지원과 제도 개선이 병행되어야 한다.

따라서 이 문제는 더 이상 미룰 수 없는 사회적 과제다. 모두가 관심을 가지고 참여할 때, 비로소 실질적인 변화가 가능할 것이다.",,,False,2025-03-31 17:29:00
1,"1인 가구 증가, 사회의 변화는?",T,analysis,"1인 가구 증가, 사회의 변화는?에 대한 문제의식은 점점 더 커지고 있다. 많은 이들이 이 문제를 단순히 개인의 문제로 치부하지만, 이는 사회 구조적 원인을 내포하고 있다.","이 사안은 다양한 배경을 갖고 있다. 전문가들은 구조적 원인을 지적하며, 실질적인 대안을 모색할 필요가 있다고 말한다. 예를 들어 정책적 지원과 제도 개선이 병행되어야 한다.","따라서 이 문제는 더 이상 미룰 수 없는 사회적 과제다. 모두가 관심을 가지고 참여할 때, 비로소 실질적인 변화가 가능할 것이다.","1인 가구 증가, 사회의 변화는?에 대한 문제의식은 점점 더 커지고 있다. 많은 이들이 이 문제를 단순히 개인의 문제로 치부하지만, 이는 사회 구조적 원인을 내포하고 있다.

이 사안은 다양한 배경을 갖고 있다. 전문가들은 구조적 원인을 지적하며, 실질적인 대안을 모색할 필요가 있다고 말한다. 예를 들어 정책적 지원과 제도 개선이 병행되어야 한다.

따라서 이 문제는 더 이상 미룰 수 없는 사회적 과제다. 모두가 관심을 가지고 참여할 때, 비로소 실질적인 변화가 가능할 것이다.",,,False,2025-01-08 12:08:55
3,플랫폼 노동의 그림자,F,essay,"플랫폼 노동의 그림자에 대한 문제의식은 점점 더 커지고 있다. 많은 이들이 이 문제를 단순히 개인의 문제로 치부하지만, 이는 사회 구조적 원인을 내포하고 있다.","이 사안은 다양한 배경을 갖고 있다. 전문가들은 구조적 원인을 지적하며, 실질적인 대안을 모색할 필요가 있다고 말한다. 예를 들어 정책적 지원과 제도 개선이 병행되어야 한다.","따라서 이 문제는 더 이상 미룰 수 없는 사회적 과제다. 모두가 관심을 가지고 참여할 때, 비로소 실질적인 변화가 가능할 것이다.","플랫폼 노동의 그림자에 대한 문제의식은 점점 더 커지고 있다. 많은 이들이 이 문제를 단순히 개인의 문제로 치부하지만, 이는 사회 구조적 원인을 내포하고 있다.

이 사안은 다양한 배경을 갖고 있다. 전문가들은 구조적 원인을 지적하며, 실질적인 대안을 모색할 필요가 있다고 말한다. 예를 들어 정책적 지원과 제도 개선이 병행되어야 한다.

따라서 이 문제는 더 이상 미룰 수 없는 사회적 과제다. 모두가 관심을 가지고 참여할 때, 비로소 실질적인 변화가 가능할 것이다.",,,False,2025-02-04 16:33:19
3,"젠더 갈등, 해소를 위한 첫걸음은?",T,poem,"젠더 갈등, 해소를 위한 첫걸음은?에 대한 문제의식은 점점 더 커지고 있다. 많은 이들이 이 문제를 단순히 개인의 문제로 치부하지만, 이는 사회 구조적 원인을 내포하고 있다.","이 사안은 다양한 배경을 갖고 있다. 전문가들은 구조적 원인을 지적하며, 실질적인 대안을 모색할 필요가 있다고 말한다. 예를 들어 정책적 지원과 제도 개선이 병행되어야 한다.","따라서 이 문제는 더 이상 미룰 수 없는 사회적 과제다. 모두가 관심을 가지고 참여할 때, 비로소 실질적인 변화가 가능할 것이다.","젠더 갈등, 해소를 위한 첫걸음은?에 대한 문제의식은 점점 더 커지고 있다. 많은 이들이 이 문제를 단순히 개인의 문제로 치부하지만, 이는 사회 구조적 원인을 내포하고 있다.

이 사안은 다양한 배경을 갖고 있다. 전문가들은 구조적 원인을 지적하며, 실질적인 대안을 모색할 필요가 있다고 말한다. 예를 들어 정책적 지원과 제도 개선이 병행되어야 한다.

따라서 이 문제는 더 이상 미룰 수 없는 사회적 과제다. 모두가 관심을 가지고 참여할 때, 비로소 실질적인 변화가 가능할 것이다.",,,True,2025-01-09 19:38:57
2,자율주행차의 윤리 딜레마,F,analysis,"자율주행차의 윤리 딜레마에 대한 문제의식은 점점 더 커지고 있다. 많은 이들이 이 문제를 단순히 개인의 문제로 치부하지만, 이는 사회 구조적 원인을 내포하고 있다.","이 사안은 다양한 배경을 갖고 있다. 전문가들은 구조적 원인을 지적하며, 실질적인 대안을 모색할 필요가 있다고 말한다. 예를 들어 정책적 지원과 제도 개선이 병행되어야 한다.","따라서 이 문제는 더 이상 미룰 수 없는 사회적 과제다. 모두가 관심을 가지고 참여할 때, 비로소 실질적인 변화가 가능할 것이다.","자율주행차의 윤리 딜레마에 대한 문제의식은 점점 더 커지고 있다. 많은 이들이 이 문제를 단순히 개인의 문제로 치부하지만, 이는 사회 구조적 원인을 내포하고 있다.

이 사안은 다양한 배경을 갖고 있다. 전문가들은 구조적 원인을 지적하며, 실질적인 대안을 모색할 필요가 있다고 말한다. 예를 들어 정책적 지원과 제도 개선이 병행되어야 한다.

따라서 이 문제는 더 이상 미룰 수 없는 사회적 과제다. 모두가 관심을 가지고 참여할 때, 비로소 실질적인 변화가 가능할 것이다.",,,True,2025-01-06 08:18:22
2,"인공지능 시대, 인간의 역할은?",F,essay,"인공지능 시대, 인간의 역할은?에 대한 문제의식은 점점 더 커지고 있다. 많은 이들이 이 문제를 단순히 개인의 문제로 치부하지만, 이는 사회 구조적 원인을 내포하고 있다.","이 사안은 다양한 배경을 갖고 있다. 전문가들은 구조적 원인을 지적하며, 실질적인 대안을 모색할 필요가 있다고 말한다. 예를 들어 정책적 지원과 제도 개선이 병행되어야 한다.","따라서 이 문제는 더 이상 미룰 수 없는 사회적 과제다. 모두가 관심을 가지고 참여할 때, 비로소 실질적인 변화가 가능할 것이다.","인공지능 시대, 인간의 역할은?에 대한 문제의식은 점점 더 커지고 있다. 많은 이들이 이 문제를 단순히 개인의 문제로 치부하지만, 이는 사회 구조적 원인을 내포하고 있다.

이 사안은 다양한 배경을 갖고 있다. 전문가들은 구조적 원인을 지적하며, 실질적인 대안을 모색할 필요가 있다고 말한다. 예를 들어 정책적 지원과 제도 개선이 병행되어야 한다.

따라서 이 문제는 더 이상 미룰 수 없는 사회적 과제다. 모두가 관심을 가지고 참여할 때, 비로소 실질적인 변화가 가능할 것이다.",,,False,2025-04-04 01:03:53
2,"콘텐츠 산업, K-컬처의 미래는?",F,essay,"콘텐츠 산업, K-컬처의 미래는?에 대한 문제의식은 점점 더 커지고 있다. 많은 이들이 이 문제를 단순히 개인의 문제로 치부하지만, 이는 사회 구조적 원인을 내포하고 있다.","이 사안은 다양한 배경을 갖고 있다. 전문가들은 구조적 원인을 지적하며, 실질적인 대안을 모색할 필요가 있다고 말한다. 예를 들어 정책적 지원과 제도 개선이 병행되어야 한다.","따라서 이 문제는 더 이상 미룰 수 없는 사회적 과제다. 모두가 관심을 가지고 참여할 때, 비로소 실질적인 변화가 가능할 것이다.","콘텐츠 산업, K-컬처의 미래는?에 대한 문제의식은 점점 더 커지고 있다. 많은 이들이 이 문제를 단순히 개인의 문제로 치부하지만, 이는 사회 구조적 원인을 내포하고 있다.

이 사안은 다양한 배경을 갖고 있다. 전문가들은 구조적 원인을 지적하며, 실질적인 대안을 모색할 필요가 있다고 말한다. 예를 들어 정책적 지원과 제도 개선이 병행되어야 한다.

따라서 이 문제는 더 이상 미룰 수 없는 사회적 과제다. 모두가 관심을 가지고 참여할 때, 비로소 실질적인 변화가 가능할 것이다.",,,False,2025-05-04 14:06:34
1,"인공지능 시대, 인간의 역할은?",F,analysis,"인공지능 시대, 인간의 역할은?에 대한 문제의식은 점점 더 커지고 있다. 많은 이들이 이 문제를 단순히 개인의 문제로 치부하지만, 이는 사회 구조적 원인을 내포하고 있다.","이 사안은 다양한 배경을 갖고 있다. 전문가들은 구조적 원인을 지적하며, 실질적인 대안을 모색할 필요가 있다고 말한다. 예를 들어 정책적 지원과 제도 개선이 병행되어야 한다.","따라서 이 문제는 더 이상 미룰 수 없는 사회적 과제다. 모두가 관심을 가지고 참여할 때, 비로소 실질적인 변화가 가능할 것이다.","인공지능 시대, 인간의 역할은?에 대한 문제의식은 점점 더 커지고 있다. 많은 이들이 이 문제를 단순히 개인의 문제로 치부하지만, 이는 사회 구조적 원인을 내포하고 있다.

이 사안은 다양한 배경을 갖고 있다. 전문가들은 구조적 원인을 지적하며, 실질적인 대안을 모색할 필요가 있다고 말한다. 예를 들어 정책적 지원과 제도 개선이 병행되어야 한다.

따라서 이 문제는 더 이상 미룰 수 없는 사회적 과제다. 모두가 관심을 가지고 참여할 때, 비로소 실질적인 변화가 가능할 것이다.",,,True,2025-03-16 07:08:11
1,감정노동자 보호법 실효성 논란,F,column,"감정노동자 보호법 실효성 논란에 대한 문제의식은 점점 더 커지고 있다. 많은 이들이 이 문제를 단순히 개인의 문제로 치부하지만, 이는 사회 구조적 원인을 내포하고 있다.","이 사안은 다양한 배경을 갖고 있다. 전문가들은 구조적 원인을 지적하며, 실질적인 대안을 모색할 필요가 있다고 말한다. 예를 들어 정책적 지원과 제도 개선이 병행되어야 한다.","따라서 이 문제는 더 이상 미룰 수 없는 사회적 과제다. 모두가 관심을 가지고 참여할 때, 비로소 실질적인 변화가 가능할 것이다.","감정노동자 보호법 실효성 논란에 대한 문제의식은 점점 더 커지고 있다. 많은 이들이 이 문제를 단순히 개인의 문제로 치부하지만, 이는 사회 구조적 원인을 내포하고 있다.

이 사안은 다양한 배경을 갖고 있다. 전문가들은 구조적 원인을 지적하며, 실질적인 대안을 모색할 필요가 있다고 말한다. 예를 들어 정책적 지원과 제도 개선이 병행되어야 한다.

따라서 이 문제는 더 이상 미룰 수 없는 사회적 과제다. 모두가 관심을 가지고 참여할 때, 비로소 실질적인 변화가 가능할 것이다.",,,False,2025-01-13 02:40:46
3,자율주행차의 윤리 딜레마,F,column,"자율주행차의 윤리 딜레마에 대한 문제의식은 점점 더 커지고 있다. 많은 이들이 이 문제를 단순히 개인의 문제로 치부하지만, 이는 사회 구조적 원인을 내포하고 있다.","이 사안은 다양한 배경을 갖고 있다. 전문가들은 구조적 원인을 지적하며, 실질적인 대안을 모색할 필요가 있다고 말한다. 예를 들어 정책적 지원과 제도 개선이 병행되어야 한다.","따라서 이 문제는 더 이상 미룰 수 없는 사회적 과제다. 모두가 관심을 가지고 참여할 때, 비로소 실질적인 변화가 가능할 것이다.","자율주행차의 윤리 딜레마에 대한 문제의식은 점점 더 커지고 있다. 많은 이들이 이 문제를 단순히 개인의 문제로 치부하지만, 이는 사회 구조적 원인을 내포하고 있다.

이 사안은 다양한 배경을 갖고 있다. 전문가들은 구조적 원인을 지적하며, 실질적인 대안을 모색할 필요가 있다고 말한다. 예를 들어 정책적 지원과 제도 개선이 병행되어야 한다.

따라서 이 문제는 더 이상 미룰 수 없는 사회적 과제다. 모두가 관심을 가지고 참여할 때, 비로소 실질적인 변화가 가능할 것이다.",,,True,2025-03-16 10:03:57
3,"기후 위기, 우리는 얼마나 준비되어 있는가?",F,essay,"기후 위기, 우리는 얼마나 준비되어 있는가?에 대한 문제의식은 점점 더 커지고 있다. 많은 이들이 이 문제를 단순히 개인의 문제로 치부하지만, 이는 사회 구조적 원인을 내포하고 있다.","이 사안은 다양한 배경을 갖고 있다. 전문가들은 구조적 원인을 지적하며, 실질적인 대안을 모색할 필요가 있다고 말한다. 예를 들어 정책적 지원과 제도 개선이 병행되어야 한다.","따라서 이 문제는 더 이상 미룰 수 없는 사회적 과제다. 모두가 관심을 가지고 참여할 때, 비로소 실질적인 변화가 가능할 것이다.","기후 위기, 우리는 얼마나 준비되어 있는가?에 대한 문제의식은 점점 더 커지고 있다. 많은 이들이 이 문제를 단순히 개인의 문제로 치부하지만, 이는 사회 구조적 원인을 내포하고 있다.

이 사안은 다양한 배경을 갖고 있다. 전문가들은 구조적 원인을 지적하며, 실질적인 대안을 모색할 필요가 있다고 말한다. 예를 들어 정책적 지원과 제도 개선이 병행되어야 한다.

따라서 이 문제는 더 이상 미룰 수 없는 사회적 과제다. 모두가 관심을 가지고 참여할 때, 비로소 실질적인 변화가 가능할 것이다.",,,True,2025-04-24 20:14:53
1,감정노동자 보호법 실효성 논란,F,essay,"감정노동자 보호법 실효성 논란에 대한 문제의식은 점점 더 커지고 있다. 많은 이들이 이 문제를 단순히 개인의 문제로 치부하지만, 이는 사회 구조적 원인을 내포하고 있다.","이 사안은 다양한 배경을 갖고 있다. 전문가들은 구조적 원인을 지적하며, 실질적인 대안을 모색할 필요가 있다고 말한다. 예를 들어 정책적 지원과 제도 개선이 병행되어야 한다.","따라서 이 문제는 더 이상 미룰 수 없는 사회적 과제다. 모두가 관심을 가지고 참여할 때, 비로소 실질적인 변화가 가능할 것이다.","감정노동자 보호법 실효성 논란에 대한 문제의식은 점점 더 커지고 있다. 많은 이들이 이 문제를 단순히 개인의 문제로 치부하지만, 이는 사회 구조적 원인을 내포하고 있다.

이 사안은 다양한 배경을 갖고 있다. 전문가들은 구조적 원인을 지적하며, 실질적인 대안을 모색할 필요가 있다고 말한다. 예를 들어 정책적 지원과 제도 개선이 병행되어야 한다.

따라서 이 문제는 더 이상 미룰 수 없는 사회적 과제다. 모두가 관심을 가지고 참여할 때, 비로소 실질적인 변화가 가능할 것이다.",,,True,2025-02-25 06:17:23
1,"젠더 갈등, 해소를 위한 첫걸음은?",T,poem,"젠더 갈등, 해소를 위한 첫걸음은?에 대한 문제의식은 점점 더 커지고 있다. 많은 이들이 이 문제를 단순히 개인의 문제로 치부하지만, 이는 사회 구조적 원인을 내포하고 있다.","이 사안은 다양한 배경을 갖고 있다. 전문가들은 구조적 원인을 지적하며, 실질적인 대안을 모색할 필요가 있다고 말한다. 예를 들어 정책적 지원과 제도 개선이 병행되어야 한다.","따라서 이 문제는 더 이상 미룰 수 없는 사회적 과제다. 모두가 관심을 가지고 참여할 때, 비로소 실질적인 변화가 가능할 것이다.","젠더 갈등, 해소를 위한 첫걸음은?에 대한 문제의식은 점점 더 커지고 있다. 많은 이들이 이 문제를 단순히 개인의 문제로 치부하지만, 이는 사회 구조적 원인을 내포하고 있다.

이 사안은 다양한 배경을 갖고 있다. 전문가들은 구조적 원인을 지적하며, 실질적인 대안을 모색할 필요가 있다고 말한다. 예를 들어 정책적 지원과 제도 개선이 병행되어야 한다.

따라서 이 문제는 더 이상 미룰 수 없는 사회적 과제다. 모두가 관심을 가지고 참여할 때, 비로소 실질적인 변화가 가능할 것이다.",,,False,2025-01-04 22:06:32
2,자율주행차의 윤리 딜레마,T,essay,"자율주행차의 윤리 딜레마에 대한 문제의식은 점점 더 커지고 있다. 많은 이들이 이 문제를 단순히 개인의 문제로 치부하지만, 이는 사회 구조적 원인을 내포하고 있다.","이 사안은 다양한 배경을 갖고 있다. 전문가들은 구조적 원인을 지적하며, 실질적인 대안을 모색할 필요가 있다고 말한다. 예를 들어 정책적 지원과 제도 개선이 병행되어야 한다.","따라서 이 문제는 더 이상 미룰 수 없는 사회적 과제다. 모두가 관심을 가지고 참여할 때, 비로소 실질적인 변화가 가능할 것이다.","자율주행차의 윤리 딜레마에 대한 문제의식은 점점 더 커지고 있다. 많은 이들이 이 문제를 단순히 개인의 문제로 치부하지만, 이는 사회 구조적 원인을 내포하고 있다.

이 사안은 다양한 배경을 갖고 있다. 전문가들은 구조적 원인을 지적하며, 실질적인 대안을 모색할 필요가 있다고 말한다. 예를 들어 정책적 지원과 제도 개선이 병행되어야 한다.

따라서 이 문제는 더 이상 미룰 수 없는 사회적 과제다. 모두가 관심을 가지고 참여할 때, 비로소 실질적인 변화가 가능할 것이다.",,,True,2025-02-14 22:48:58
1,"기후 위기, 우리는 얼마나 준비되어 있는가?",F,column,"기후 위기, 우리는 얼마나 준비되어 있는가?에 대한 문제의식은 점점 더 커지고 있다. 많은 이들이 이 문제를 단순히 개인의 문제로 치부하지만, 이는 사회 구조적 원인을 내포하고 있다.","이 사안은 다양한 배경을 갖고 있다. 전문가들은 구조적 원인을 지적하며, 실질적인 대안을 모색할 필요가 있다고 말한다. 예를 들어 정책적 지원과 제도 개선이 병행되어야 한다.","따라서 이 문제는 더 이상 미룰 수 없는 사회적 과제다. 모두가 관심을 가지고 참여할 때, 비로소 실질적인 변화가 가능할 것이다.","기후 위기, 우리는 얼마나 준비되어 있는가?에 대한 문제의식은 점점 더 커지고 있다. 많은 이들이 이 문제를 단순히 개인의 문제로 치부하지만, 이는 사회 구조적 원인을 내포하고 있다.

이 사안은 다양한 배경을 갖고 있다. 전문가들은 구조적 원인을 지적하며, 실질적인 대안을 모색할 필요가 있다고 말한다. 예를 들어 정책적 지원과 제도 개선이 병행되어야 한다.

따라서 이 문제는 더 이상 미룰 수 없는 사회적 과제다. 모두가 관심을 가지고 참여할 때, 비로소 실질적인 변화가 가능할 것이다.",,,True,2025-02-24 16:54:50
2,감정노동자 보호법 실효성 논란,F,essay,"감정노동자 보호법 실효성 논란에 대한 문제의식은 점점 더 커지고 있다. 많은 이들이 이 문제를 단순히 개인의 문제로 치부하지만, 이는 사회 구조적 원인을 내포하고 있다.","이 사안은 다양한 배경을 갖고 있다. 전문가들은 구조적 원인을 지적하며, 실질적인 대안을 모색할 필요가 있다고 말한다. 예를 들어 정책적 지원과 제도 개선이 병행되어야 한다.","따라서 이 문제는 더 이상 미룰 수 없는 사회적 과제다. 모두가 관심을 가지고 참여할 때, 비로소 실질적인 변화가 가능할 것이다.","감정노동자 보호법 실효성 논란에 대한 문제의식은 점점 더 커지고 있다. 많은 이들이 이 문제를 단순히 개인의 문제로 치부하지만, 이는 사회 구조적 원인을 내포하고 있다.

이 사안은 다양한 배경을 갖고 있다. 전문가들은 구조적 원인을 지적하며, 실질적인 대안을 모색할 필요가 있다고 말한다. 예를 들어 정책적 지원과 제도 개선이 병행되어야 한다.

따라서 이 문제는 더 이상 미룰 수 없는 사회적 과제다. 모두가 관심을 가지고 참여할 때, 비로소 실질적인 변화가 가능할 것이다.",,,True,2025-01-11 22:41:05
1,"청년 세대의 주거난, 해법은 있는가?",F,analysis,"청년 세대의 주거난, 해법은 있는가?에 대한 문제의식은 점점 더 커지고 있다. 많은 이들이 이 문제를 단순히 개인의 문제로 치부하지만, 이는 사회 구조적 원인을 내포하고 있다.","이 사안은 다양한 배경을 갖고 있다. 전문가들은 구조적 원인을 지적하며, 실질적인 대안을 모색할 필요가 있다고 말한다. 예를 들어 정책적 지원과 제도 개선이 병행되어야 한다.","따라서 이 문제는 더 이상 미룰 수 없는 사회적 과제다. 모두가 관심을 가지고 참여할 때, 비로소 실질적인 변화가 가능할 것이다.","청년 세대의 주거난, 해법은 있는가?에 대한 문제의식은 점점 더 커지고 있다. 많은 이들이 이 문제를 단순히 개인의 문제로 치부하지만, 이는 사회 구조적 원인을 내포하고 있다.

이 사안은 다양한 배경을 갖고 있다. 전문가들은 구조적 원인을 지적하며, 실질적인 대안을 모색할 필요가 있다고 말한다. 예를 들어 정책적 지원과 제도 개선이 병행되어야 한다.

따라서 이 문제는 더 이상 미룰 수 없는 사회적 과제다. 모두가 관심을 가지고 참여할 때, 비로소 실질적인 변화가 가능할 것이다.",,,True,2025-01-13 20:49:54
2,플랫폼 노동의 그림자,T,column,"플랫폼 노동의 그림자에 대한 문제의식은 점점 더 커지고 있다. 많은 이들이 이 문제를 단순히 개인의 문제로 치부하지만, 이는 사회 구조적 원인을 내포하고 있다.","이 사안은 다양한 배경을 갖고 있다. 전문가들은 구조적 원인을 지적하며, 실질적인 대안을 모색할 필요가 있다고 말한다. 예를 들어 정책적 지원과 제도 개선이 병행되어야 한다.","따라서 이 문제는 더 이상 미룰 수 없는 사회적 과제다. 모두가 관심을 가지고 참여할 때, 비로소 실질적인 변화가 가능할 것이다.","플랫폼 노동의 그림자에 대한 문제의식은 점점 더 커지고 있다. 많은 이들이 이 문제를 단순히 개인의 문제로 치부하지만, 이는 사회 구조적 원인을 내포하고 있다.

이 사안은 다양한 배경을 갖고 있다. 전문가들은 구조적 원인을 지적하며, 실질적인 대안을 모색할 필요가 있다고 말한다. 예를 들어 정책적 지원과 제도 개선이 병행되어야 한다.

따라서 이 문제는 더 이상 미룰 수 없는 사회적 과제다. 모두가 관심을 가지고 참여할 때, 비로소 실질적인 변화가 가능할 것이다.",,,False,2025-05-21 07:11:44
2,"콘텐츠 산업, K-컬처의 미래는?",T,essay,"콘텐츠 산업, K-컬처의 미래는?에 대한 문제의식은 점점 더 커지고 있다. 많은 이들이 이 문제를 단순히 개인의 문제로 치부하지만, 이는 사회 구조적 원인을 내포하고 있다.","이 사안은 다양한 배경을 갖고 있다. 전문가들은 구조적 원인을 지적하며, 실질적인 대안을 모색할 필요가 있다고 말한다. 예를 들어 정책적 지원과 제도 개선이 병행되어야 한다.","따라서 이 문제는 더 이상 미룰 수 없는 사회적 과제다. 모두가 관심을 가지고 참여할 때, 비로소 실질적인 변화가 가능할 것이다.","콘텐츠 산업, K-컬처의 미래는?에 대한 문제의식은 점점 더 커지고 있다. 많은 이들이 이 문제를 단순히 개인의 문제로 치부하지만, 이는 사회 구조적 원인을 내포하고 있다.

이 사안은 다양한 배경을 갖고 있다. 전문가들은 구조적 원인을 지적하며, 실질적인 대안을 모색할 필요가 있다고 말한다. 예를 들어 정책적 지원과 제도 개선이 병행되어야 한다.

따라서 이 문제는 더 이상 미룰 수 없는 사회적 과제다. 모두가 관심을 가지고 참여할 때, 비로소 실질적인 변화가 가능할 것이다.",,,False,2025-05-21 15:32:07
1,"1인 가구 증가, 사회의 변화는?",T,column,"1인 가구 증가, 사회의 변화는?에 대한 문제의식은 점점 더 커지고 있다. 많은 이들이 이 문제를 단순히 개인의 문제로 치부하지만, 이는 사회 구조적 원인을 내포하고 있다.","이 사안은 다양한 배경을 갖고 있다. 전문가들은 구조적 원인을 지적하며, 실질적인 대안을 모색할 필요가 있다고 말한다. 예를 들어 정책적 지원과 제도 개선이 병행되어야 한다.","따라서 이 문제는 더 이상 미룰 수 없는 사회적 과제다. 모두가 관심을 가지고 참여할 때, 비로소 실질적인 변화가 가능할 것이다.","1인 가구 증가, 사회의 변화는?에 대한 문제의식은 점점 더 커지고 있다. 많은 이들이 이 문제를 단순히 개인의 문제로 치부하지만, 이는 사회 구조적 원인을 내포하고 있다.

이 사안은 다양한 배경을 갖고 있다. 전문가들은 구조적 원인을 지적하며, 실질적인 대안을 모색할 필요가 있다고 말한다. 예를 들어 정책적 지원과 제도 개선이 병행되어야 한다.

따라서 이 문제는 더 이상 미룰 수 없는 사회적 과제다. 모두가 관심을 가지고 참여할 때, 비로소 실질적인 변화가 가능할 것이다.",,,True,2025-03-12 11:53:42
2,자율주행차의 윤리 딜레마,T,column,"자율주행차의 윤리 딜레마에 대한 문제의식은 점점 더 커지고 있다. 많은 이들이 이 문제를 단순히 개인의 문제로 치부하지만, 이는 사회 구조적 원인을 내포하고 있다.","이 사안은 다양한 배경을 갖고 있다. 전문가들은 구조적 원인을 지적하며, 실질적인 대안을 모색할 필요가 있다고 말한다. 예를 들어 정책적 지원과 제도 개선이 병행되어야 한다.","따라서 이 문제는 더 이상 미룰 수 없는 사회적 과제다. 모두가 관심을 가지고 참여할 때, 비로소 실질적인 변화가 가능할 것이다.","자율주행차의 윤리 딜레마에 대한 문제의식은 점점 더 커지고 있다. 많은 이들이 이 문제를 단순히 개인의 문제로 치부하지만, 이는 사회 구조적 원인을 내포하고 있다.

이 사안은 다양한 배경을 갖고 있다. 전문가들은 구조적 원인을 지적하며, 실질적인 대안을 모색할 필요가 있다고 말한다. 예를 들어 정책적 지원과 제도 개선이 병행되어야 한다.

따라서 이 문제는 더 이상 미룰 수 없는 사회적 과제다. 모두가 관심을 가지고 참여할 때, 비로소 실질적인 변화가 가능할 것이다.",,,False,2025-05-18 20:38:28
2,"2030의 정치 참여, 변화의 바람인가?",F,poem,"2030의 정치 참여, 변화의 바람인가?에 대한 문제의식은 점점 더 커지고 있다. 많은 이들이 이 문제를 단순히 개인의 문제로 치부하지만, 이는 사회 구조적 원인을 내포하고 있다.","이 사안은 다양한 배경을 갖고 있다. 전문가들은 구조적 원인을 지적하며, 실질적인 대안을 모색할 필요가 있다고 말한다. 예를 들어 정책적 지원과 제도 개선이 병행되어야 한다.","따라서 이 문제는 더 이상 미룰 수 없는 사회적 과제다. 모두가 관심을 가지고 참여할 때, 비로소 실질적인 변화가 가능할 것이다.","2030의 정치 참여, 변화의 바람인가?에 대한 문제의식은 점점 더 커지고 있다. 많은 이들이 이 문제를 단순히 개인의 문제로 치부하지만, 이는 사회 구조적 원인을 내포하고 있다.

이 사안은 다양한 배경을 갖고 있다. 전문가들은 구조적 원인을 지적하며, 실질적인 대안을 모색할 필요가 있다고 말한다. 예를 들어 정책적 지원과 제도 개선이 병행되어야 한다.

따라서 이 문제는 더 이상 미룰 수 없는 사회적 과제다. 모두가 관심을 가지고 참여할 때, 비로소 실질적인 변화가 가능할 것이다.",,,False,2025-04-27 10:58:57
2,"기후 위기, 우리는 얼마나 준비되어 있는가?",F,column,"기후 위기, 우리는 얼마나 준비되어 있는가?에 대한 문제의식은 점점 더 커지고 있다. 많은 이들이 이 문제를 단순히 개인의 문제로 치부하지만, 이는 사회 구조적 원인을 내포하고 있다.","이 사안은 다양한 배경을 갖고 있다. 전문가들은 구조적 원인을 지적하며, 실질적인 대안을 모색할 필요가 있다고 말한다. 예를 들어 정책적 지원과 제도 개선이 병행되어야 한다.","따라서 이 문제는 더 이상 미룰 수 없는 사회적 과제다. 모두가 관심을 가지고 참여할 때, 비로소 실질적인 변화가 가능할 것이다.","기후 위기, 우리는 얼마나 준비되어 있는가?에 대한 문제의식은 점점 더 커지고 있다. 많은 이들이 이 문제를 단순히 개인의 문제로 치부하지만, 이는 사회 구조적 원인을 내포하고 있다.

이 사안은 다양한 배경을 갖고 있다. 전문가들은 구조적 원인을 지적하며, 실질적인 대안을 모색할 필요가 있다고 말한다. 예를 들어 정책적 지원과 제도 개선이 병행되어야 한다.

따라서 이 문제는 더 이상 미룰 수 없는 사회적 과제다. 모두가 관심을 가지고 참여할 때, 비로소 실질적인 변화가 가능할 것이다.",,,True,2025-02-20 12:50:58
1,자율주행차의 윤리 딜레마,F,poem,"자율주행차의 윤리 딜레마에 대한 문제의식은 점점 더 커지고 있다. 많은 이들이 이 문제를 단순히 개인의 문제로 치부하지만, 이는 사회 구조적 원인을 내포하고 있다.","이 사안은 다양한 배경을 갖고 있다. 전문가들은 구조적 원인을 지적하며, 실질적인 대안을 모색할 필요가 있다고 말한다. 예를 들어 정책적 지원과 제도 개선이 병행되어야 한다.","따라서 이 문제는 더 이상 미룰 수 없는 사회적 과제다. 모두가 관심을 가지고 참여할 때, 비로소 실질적인 변화가 가능할 것이다.","자율주행차의 윤리 딜레마에 대한 문제의식은 점점 더 커지고 있다. 많은 이들이 이 문제를 단순히 개인의 문제로 치부하지만, 이는 사회 구조적 원인을 내포하고 있다.

이 사안은 다양한 배경을 갖고 있다. 전문가들은 구조적 원인을 지적하며, 실질적인 대안을 모색할 필요가 있다고 말한다. 예를 들어 정책적 지원과 제도 개선이 병행되어야 한다.

따라서 이 문제는 더 이상 미룰 수 없는 사회적 과제다. 모두가 관심을 가지고 참여할 때, 비로소 실질적인 변화가 가능할 것이다.",,,True,2025-03-24 20:05:21
1,"2030의 정치 참여, 변화의 바람인가?",T,column,"2030의 정치 참여, 변화의 바람인가?에 대한 문제의식은 점점 더 커지고 있다. 많은 이들이 이 문제를 단순히 개인의 문제로 치부하지만, 이는 사회 구조적 원인을 내포하고 있다.","이 사안은 다양한 배경을 갖고 있다. 전문가들은 구조적 원인을 지적하며, 실질적인 대안을 모색할 필요가 있다고 말한다. 예를 들어 정책적 지원과 제도 개선이 병행되어야 한다.","따라서 이 문제는 더 이상 미룰 수 없는 사회적 과제다. 모두가 관심을 가지고 참여할 때, 비로소 실질적인 변화가 가능할 것이다.","2030의 정치 참여, 변화의 바람인가?에 대한 문제의식은 점점 더 커지고 있다. 많은 이들이 이 문제를 단순히 개인의 문제로 치부하지만, 이는 사회 구조적 원인을 내포하고 있다.

이 사안은 다양한 배경을 갖고 있다. 전문가들은 구조적 원인을 지적하며, 실질적인 대안을 모색할 필요가 있다고 말한다. 예를 들어 정책적 지원과 제도 개선이 병행되어야 한다.

따라서 이 문제는 더 이상 미룰 수 없는 사회적 과제다. 모두가 관심을 가지고 참여할 때, 비로소 실질적인 변화가 가능할 것이다.",,,False,2025-05-14 03:05:14
2,"인공지능 시대, 인간의 역할은?",F,analysis,"인공지능 시대, 인간의 역할은?에 대한 문제의식은 점점 더 커지고 있다. 많은 이들이 이 문제를 단순히 개인의 문제로 치부하지만, 이는 사회 구조적 원인을 내포하고 있다.","이 사안은 다양한 배경을 갖고 있다. 전문가들은 구조적 원인을 지적하며, 실질적인 대안을 모색할 필요가 있다고 말한다. 예를 들어 정책적 지원과 제도 개선이 병행되어야 한다.","따라서 이 문제는 더 이상 미룰 수 없는 사회적 과제다. 모두가 관심을 가지고 참여할 때, 비로소 실질적인 변화가 가능할 것이다.","인공지능 시대, 인간의 역할은?에 대한 문제의식은 점점 더 커지고 있다. 많은 이들이 이 문제를 단순히 개인의 문제로 치부하지만, 이는 사회 구조적 원인을 내포하고 있다.

이 사안은 다양한 배경을 갖고 있다. 전문가들은 구조적 원인을 지적하며, 실질적인 대안을 모색할 필요가 있다고 말한다. 예를 들어 정책적 지원과 제도 개선이 병행되어야 한다.

따라서 이 문제는 더 이상 미룰 수 없는 사회적 과제다. 모두가 관심을 가지고 참여할 때, 비로소 실질적인 변화가 가능할 것이다.",,,False,2025-03-12 05:23:56
3,감정노동자 보호법 실효성 논란,F,column,"감정노동자 보호법 실효성 논란에 대한 문제의식은 점점 더 커지고 있다. 많은 이들이 이 문제를 단순히 개인의 문제로 치부하지만, 이는 사회 구조적 원인을 내포하고 있다.","이 사안은 다양한 배경을 갖고 있다. 전문가들은 구조적 원인을 지적하며, 실질적인 대안을 모색할 필요가 있다고 말한다. 예를 들어 정책적 지원과 제도 개선이 병행되어야 한다.","따라서 이 문제는 더 이상 미룰 수 없는 사회적 과제다. 모두가 관심을 가지고 참여할 때, 비로소 실질적인 변화가 가능할 것이다.","감정노동자 보호법 실효성 논란에 대한 문제의식은 점점 더 커지고 있다. 많은 이들이 이 문제를 단순히 개인의 문제로 치부하지만, 이는 사회 구조적 원인을 내포하고 있다.

이 사안은 다양한 배경을 갖고 있다. 전문가들은 구조적 원인을 지적하며, 실질적인 대안을 모색할 필요가 있다고 말한다. 예를 들어 정책적 지원과 제도 개선이 병행되어야 한다.

따라서 이 문제는 더 이상 미룰 수 없는 사회적 과제다. 모두가 관심을 가지고 참여할 때, 비로소 실질적인 변화가 가능할 것이다.",,,False,2025-05-28 01:33:42
3,"젠더 갈등, 해소를 위한 첫걸음은?",F,analysis,"젠더 갈등, 해소를 위한 첫걸음은?에 대한 문제의식은 점점 더 커지고 있다. 많은 이들이 이 문제를 단순히 개인의 문제로 치부하지만, 이는 사회 구조적 원인을 내포하고 있다.","이 사안은 다양한 배경을 갖고 있다. 전문가들은 구조적 원인을 지적하며, 실질적인 대안을 모색할 필요가 있다고 말한다. 예를 들어 정책적 지원과 제도 개선이 병행되어야 한다.","따라서 이 문제는 더 이상 미룰 수 없는 사회적 과제다. 모두가 관심을 가지고 참여할 때, 비로소 실질적인 변화가 가능할 것이다.","젠더 갈등, 해소를 위한 첫걸음은?에 대한 문제의식은 점점 더 커지고 있다. 많은 이들이 이 문제를 단순히 개인의 문제로 치부하지만, 이는 사회 구조적 원인을 내포하고 있다.

이 사안은 다양한 배경을 갖고 있다. 전문가들은 구조적 원인을 지적하며, 실질적인 대안을 모색할 필요가 있다고 말한다. 예를 들어 정책적 지원과 제도 개선이 병행되어야 한다.

따라서 이 문제는 더 이상 미룰 수 없는 사회적 과제다. 모두가 관심을 가지고 참여할 때, 비로소 실질적인 변화가 가능할 것이다.",,,True,2025-03-25 18:13:17
2,자율주행차의 윤리 딜레마,T,essay,"자율주행차의 윤리 딜레마에 대한 문제의식은 점점 더 커지고 있다. 많은 이들이 이 문제를 단순히 개인의 문제로 치부하지만, 이는 사회 구조적 원인을 내포하고 있다.","이 사안은 다양한 배경을 갖고 있다. 전문가들은 구조적 원인을 지적하며, 실질적인 대안을 모색할 필요가 있다고 말한다. 예를 들어 정책적 지원과 제도 개선이 병행되어야 한다.","따라서 이 문제는 더 이상 미룰 수 없는 사회적 과제다. 모두가 관심을 가지고 참여할 때, 비로소 실질적인 변화가 가능할 것이다.","자율주행차의 윤리 딜레마에 대한 문제의식은 점점 더 커지고 있다. 많은 이들이 이 문제를 단순히 개인의 문제로 치부하지만, 이는 사회 구조적 원인을 내포하고 있다.

이 사안은 다양한 배경을 갖고 있다. 전문가들은 구조적 원인을 지적하며, 실질적인 대안을 모색할 필요가 있다고 말한다. 예를 들어 정책적 지원과 제도 개선이 병행되어야 한다.

따라서 이 문제는 더 이상 미룰 수 없는 사회적 과제다. 모두가 관심을 가지고 참여할 때, 비로소 실질적인 변화가 가능할 것이다.",,,True,2025-01-22 14:16:09
1,"1인 가구 증가, 사회의 변화는?",F,column,"1인 가구 증가, 사회의 변화는?에 대한 문제의식은 점점 더 커지고 있다. 많은 이들이 이 문제를 단순히 개인의 문제로 치부하지만, 이는 사회 구조적 원인을 내포하고 있다.","이 사안은 다양한 배경을 갖고 있다. 전문가들은 구조적 원인을 지적하며, 실질적인 대안을 모색할 필요가 있다고 말한다. 예를 들어 정책적 지원과 제도 개선이 병행되어야 한다.","따라서 이 문제는 더 이상 미룰 수 없는 사회적 과제다. 모두가 관심을 가지고 참여할 때, 비로소 실질적인 변화가 가능할 것이다.","1인 가구 증가, 사회의 변화는?에 대한 문제의식은 점점 더 커지고 있다. 많은 이들이 이 문제를 단순히 개인의 문제로 치부하지만, 이는 사회 구조적 원인을 내포하고 있다.

이 사안은 다양한 배경을 갖고 있다. 전문가들은 구조적 원인을 지적하며, 실질적인 대안을 모색할 필요가 있다고 말한다. 예를 들어 정책적 지원과 제도 개선이 병행되어야 한다.

따라서 이 문제는 더 이상 미룰 수 없는 사회적 과제다. 모두가 관심을 가지고 참여할 때, 비로소 실질적인 변화가 가능할 것이다.",,,False,2025-04-08 13:46:28
